店名,業種,サービス,郵便番号,住所,電話番号
ＶＩＳＯＵＲＩＲＥ,エステ,"さいコイン,たまポン,出産・子育て,限定たまポン",3300071,さいたま市浦和区 上木崎２－５－２ウィステリア浦和３０５,07028219716
クローバー北浦和店,エステ,"さいコイン,たまポン,出産・子育て,限定たまポン",3300074,さいたま市浦和区北浦和１ー２ー１５森ビル2F,0487993375
フェイシャルサロンエレガ,エステ,"さいコイン,たまポン,出産・子育て,限定たまポン",3300074,さいたま市浦和区 北浦和４丁目１番地１１号岩﨑ビル４０３号室,0488266138
with GRACE,エステ,"さいコイン,たまポン,出産・子育て,限定たまポン",3300075,さいたま市浦和区 針ヶ谷3-2-7To YOU@BILL202,07089833930
焼肉きんぐ 浦和木崎店,カフェ・飲食店,"さいコイン,たまポン,出産・子育て,限定たまポン",3300042,さいたま市浦和区木崎２ー１ー２０,0488297525
吉野家   浦和駅東口店,カフェ・飲食店,"さいコイン,たまポン,出産・子育て,限定たまポン",3300056,さいたま市浦和区東仲町１ー２２,0488164929
鮮彩もつ焼き わか大将,カフェ・飲食店,"ふるさとたまポン,さいコイン,たまポン,出産・子育て,限定たまポン",3300056,さいたま市浦和区東仲町１１ー２３Ｙahata   Ｂuilding2,0488265733
旬の味みなと,カフェ・飲食店,"ふるさとたまポン,さいコイン,たまポン,出産・子育て,限定たまポン",3300056,さいたま市浦和区東仲町１０ー２,0488850777
キッチンオリジン浦和店,カフェ・飲食店,"さいコイン,たまポン,出産・子育て,限定たまポン",3300056,さいたま市浦和区 東仲町25-1,0487648370
ローストチキンコオロギ浦和店,カフェ・飲食店,"さいコイン,たまポン,出産・子育て,限定たまポン",3300056,さいたま市浦和区 東仲町8丁目3番プレミア浦和1階,0488815077
日本料理   和彩   よね田,カフェ・飲食店,"ふるさとたまポン,さいコイン,たまポン,出産・子育て,限定たまポン",3300056,さいたま市浦和区 東仲町9-5東仲町KUMAビル3階,0488133553
アズーリ   カーサ,カフェ・飲食店,"ふるさとたまポン,さいコイン,たまポン,出産・子育て,限定たまポン",3300056,さいたま市浦和区東仲町11ー21,0488772772
焼鳥   鳥せい   北浦和店,カフェ・飲食店,"ふるさとたまポン,さいコイン,たまポン,出産・子育て,限定たまポン",3300061,さいたま市浦和区常盤９ー１３ー５,0487118028
吉野家   １７号線浦和常盤店,カフェ・飲食店,"さいコイン,たまポン,出産・子育て,限定たまポン",3300061,さいたま市浦和区常盤６ー２ー１５,0488301873
にちにち草,カフェ・飲食店,"ふるさとたまポン,さいコイン,たまポン,出産・子育て,限定たまポン",3300061,さいたま市浦和区常盤６ー４ー４さいたま市本庁舎東側広場市民サロン棟,0486255100
うなぎ処古賀,カフェ・飲食店,"ふるさとたまポン,さいコイン,たまポン,出産・子育て,限定たまポン",3300061,さいたま市浦和区 常盤７丁目１番地２０号,0487539986
キッチン   スティックートゥ,カフェ・飲食店,"ふるさとたまポン,さいコイン,たまポン,出産・子育て,限定たまポン",3300061,さいたま市浦和区 常盤9丁目33番地3号ピサロビル2階,0488344433
越コーヒー店,カフェ・飲食店,"ふるさとたまポン,さいコイン,たまポン,出産・子育て,限定たまポン",3300061,さいたま市浦和区 常盤9丁目32番28号荘栄第一ビル1階,0488336724
レストランRPR,カフェ・飲食店,"ふるさとたまポン,さいコイン,たまポン,出産・子育て,限定たまポン",3300062,さいたま市浦和区仲町２ー５ー１ロイヤルパインズホテル浦和１９F,0488271165
中国料理   彩湖,カフェ・飲食店,"ふるさとたまポン,さいコイン,たまポン,出産・子育て,限定たまポン",3300062,さいたま市浦和区仲町２ー５ー１ロイヤルパインズホテル浦和18F,0488271164
日本料理   四季彩,カフェ・飲食店,"ふるさとたまポン,さいコイン,たまポン,出産・子育て,限定たまポン",3300062,さいたま市浦和区仲町２ー５ー１ロイヤルパインズホテル浦和５F,0488271162
ペストリーショップ   ラ・モーラ,カフェ・飲食店,"ふるさとたまポン,さいコイン,たまポン,出産・子育て,限定たまポン",3300062,さいたま市浦和区仲町２ー５ー１ロイヤルパインズホテル浦和１F,0488271161
テラスダイニング   ミケーラ,カフェ・飲食店,"ふるさとたまポン,さいコイン,たまポン,出産・子育て,限定たまポン",3300062,さいたま市浦和区仲町２ー５ー１ロイヤルパインズホテル浦和１F,0488271160
吉野家   浦和仲町店,カフェ・飲食店,"さいコイン,たまポン,出産・子育て,限定たまポン",3300062,さいたま市浦和区仲町２ー３ー２２,0488352252
浦和三国中華居酒屋,カフェ・飲食店,"ふるさとたまポン,さいコイン,たまポン,出産・子育て,限定たまポン",3300062,さいたま市浦和区 仲町１ー１ー１３浦和駅前ビル3階,0486121456
VOLENTE-048,カフェ・飲食店,"ふるさとたまポン,さいコイン,たまポン,出産・子育て,限定たまポン",3300062,さいたま市浦和区仲町１ー１０ー１５ATビル１F,0487114208
あさきや,カフェ・飲食店,"ふるさとたまポン,さいコイン,たまポン,出産・子育て,限定たまポン",3300062,さいたま市浦和区仲町3-13-6,0488227625
肉バル   Girasole,カフェ・飲食店,"ふるさとたまポン,さいコイン,たまポン,出産・子育て,限定たまポン",3300062,さいたま市浦和区仲町2-15-8,0487118529
喫茶   ゆうびん屋,カフェ・飲食店,"ふるさとたまポン,さいコイン,たまポン,出産・子育て,限定たまポン",3300062,さいたま市浦和区 仲町４丁目２番１４号掛川ビル１階東側,07085314835
カフェ 土瑠茶,カフェ・飲食店,"さいコイン,たまポン,出産・子育て,限定たまポン",3300062,さいたま市浦和区仲町4丁目11-14,0488611755
熟成和牛焼肉丸喜,カフェ・飲食店,"さいコイン,たまポン,出産・子育て,限定たまポン",3300062,さいたま市浦和区仲町1-9-14 2F,0488335884
料理屋   季口,カフェ・飲食店,"ふるさとたまポン,さいコイン,たまポン,出産・子育て,限定たまポン",3300062,さいたま市浦和区仲町3-12-2ルミエール浦和仲町101,0486063565
珈琲工房カフェ砂時計,カフェ・飲食店,"ふるさとたまポン,さいコイン,たまポン,出産・子育て,限定たまポン",3300062,さいたま市浦和区 仲町２丁目９ー５細井ビル１０２号,0488220426
本場月島もんじゃ金太郎浦和店,カフェ・飲食店,"ふるさとたまポン,さいコイン,たまポン,出産・子育て,限定たまポン",3300062,さいたま市浦和区 仲町2丁目3番地４号,0488228833
回転寿司みさき   浦和西口,カフェ・飲食店,"さいコイン,たまポン,出産・子育て,限定たまポン",3300062,さいたま市浦和区仲町１丁目１番１０号,0487118208
クラカワ,カフェ・飲食店,"ふるさとたまポン,さいコイン,たまポン,出産・子育て,限定たまポン",3300062,さいたま市浦和区 仲町1-12-5アルバビル102,05035957331
なつめ庵,カフェ・飲食店,"ふるさとたまポン,さいコイン,たまポン,出産・子育て,限定たまポン",3300062,さいたま市浦和区仲町1-11-2日建プリムローズ201,0488150055
MeltyAnnex/和うさぎ,カフェ・飲食店,"さいコイン,たまポン,出産・子育て,限定たまポン",3300062,さいたま市浦和区仲町2-13-14大熊店舗東側,0487145459
バーレベルストック,カフェ・飲食店,"ふるさとたまポン,さいコイン,たまポン,出産・子育て,限定たまポン",3300062,さいたま市浦和区 仲町1丁目11-20,0488234788
焼肉うらいち浦和仲町店,カフェ・飲食店,"さいコイン,出産・子育て",3300062,さいたま市浦和区仲町3-2-16   2F,04867782299
イタリア料理アニマロッサ,カフェ・飲食店,"ふるさとたまポン,さいコイン,たまポン,出産・子育て,限定たまポン",3300062,さいたま市浦和区 仲町4丁目11番地11号レインボー仲町1階,0487113695
ヴァンエール,カフェ・飲食店,"ふるさとたまポン,さいコイン,たまポン,出産・子育て,限定たまポン",3300062,さいたま市浦和区 仲町１丁目2番地14号関ビル３F,0488226666
エッコラ,カフェ・飲食店,"ふるさとたまポン,さいコイン,たまポン,出産・子育て,限定たまポン",3300062,さいたま市浦和区 仲町1ー5ー15,0488241511
ラーラ浦和店,カフェ・飲食店,"さいコイン,たまポン,出産・子育て,限定たまポン",3300062,さいたま市浦和区 仲町1丁目5-9小宮ビルB1F,0487649805
サムシング本店,カフェ・飲食店,"ふるさとたまポン,さいコイン,たまポン,出産・子育て,限定たまポン",3300062,さいたま市浦和区 仲町2丁目１番５号浦和仲町KSビル1・2階,0488220847
コバトンカフェ,カフェ・飲食店,"ふるさとたまポン,さいコイン,たまポン,出産・子育て,限定たまポン",3300063,さいたま市浦和区 高砂３丁目１３番３号衛生会館１階,0488299227
手打ち蕎麦しば田,カフェ・飲食店,"ふるさとたまポン,さいコイン,たまポン,出産・子育て,限定たまポン",3300063,さいたま市浦和区高砂2-2-2BAIGYOKU.Sビル1F,0484002150
高砂3丁目バル,カフェ・飲食店,"ふるさとたまポン,さいコイン,たまポン,出産・子育て,限定たまポン",3300063,さいたま市浦和区 高砂3丁目7番地5号エスポワールビル１階,0487896300
朱苑   浦和高砂店,カフェ・飲食店,"さいコイン,たまポン,出産・子育て,限定たまポン",3300063,さいたま市浦和区高砂2丁目2番1号,0488532941
江戸前がってん寿司浦和西口店,カフェ・飲食店,"さいコイン,たまポン,出産・子育て,限定たまポン",3300063,さいたま市浦和区高砂2-6-13,0488158001
うなぎ瀧澤,カフェ・飲食店,"ふるさとたまポン,さいコイン,たまポン,出産・子育て,限定たまポン",3300063,さいたま市浦和区 高砂２－１４－１７日建第二高砂ビル１階,0488259157
小梅浦和総本店,カフェ・飲食店,"ふるさとたまポン,さいコイン,たまポン,出産・子育て,限定たまポン",3300063,さいたま市浦和区 高砂３－６－１２,0488292625
COCO壱番屋浦和駅西口店,カフェ・飲食店,"さいコイン,たまポン,出産・子育て,限定たまポン",3300063,さいたま市浦和区 高砂２－６－６秩父屋ビル１階,0488143811
ちゃんこ市川,カフェ・飲食店,"ふるさとたまポン,さいコイン,たまポン,出産・子育て,限定たまポン",3300063,さいたま市浦和区 高砂2丁目1番19号浦和ワシントンホテル1F,0488224163
アズーリ   クラシコ,カフェ・飲食店,"ふるさとたまポン,さいコイン,たまポン,出産・子育て,限定たまポン",3300063,さいたま市浦和区高砂1ー15ー11   ７F伊勢丹浦和店,0488315555
高山商店浦和本店,カフェ・飲食店,"ふるさとたまポン,さいコイン,たまポン,出産・子育て,限定たまポン",3300063,さいたま市浦和区 高砂2-14-17日建第二高砂ビル地下一階,0488339444
チキン亭,カフェ・飲食店,"ふるさとたまポン,さいコイン,たまポン,出産・子育て,限定たまポン",3300063,さいたま市浦和区 高砂3丁目12番地24号小峰ビル1階,0488233301
そば膳処   むさしや本店（出前のみ利用可）,カフェ・飲食店,"さいコイン,たまポン,出産・子育て,限定たまポン",3300063,さいたま市浦和区 高砂3丁目17番地13号,0488614920
満寿家,カフェ・飲食店,"ふるさとたまポン,さいコイン,たまポン,出産・子育て,限定たまポン",3300064,さいたま市浦和区 岸町7丁目1番3号,0488221101
チルコロ,カフェ・飲食店,"ふるさとたまポン,さいコイン,たまポン,出産・子育て,限定たまポン",3300064,さいたま市浦和区 岸町４－２－１８赤澤ビル１ーＡ,0487993505
アランチャ・デル・ソーレ,カフェ・飲食店,"ふるさとたまポン,さいコイン,たまポン,出産・子育て,限定たまポン",3300064,さいたま市浦和区 岸町4丁目6番2号,0488229850
レストランビーローズ,カフェ・飲食店,"ふるさとたまポン,さいコイン,たまポン,出産・子育て,限定たまポン",3300064,さいたま市浦和区 岸町７－５－１４さいたま共済会館 １階,0488259955
BACCHUS,カフェ・飲食店,"ふるさとたまポン,さいコイン,たまポン,出産・子育て,限定たまポン",3300064,さいたま市浦和区 岸町4丁目1番地35号,0488344333
黒鵬熊本らーめん,カフェ・飲食店,"ふるさとたまポン,さいコイン,たまポン,出産・子育て,限定たまポン",3300071,さいたま市浦和区 上木崎１－８－４フレスポ与野１Ｆ,0488163675
サムシング・トレ,カフェ・飲食店,"ふるさとたまポン,さいコイン,たまポン,出産・子育て,限定たまポン",3300071,さいたま市浦和区上木崎1ー9ー19永楽ビル,0488244442
ラプロメッサ,カフェ・飲食店,"ふるさとたまポン,さいコイン,たまポン,出産・子育て,限定たまポン",3300071,さいたま市浦和区 上木崎1丁目3番32号松本ビル2階西,0487992133
お茶カフェうさぎ,カフェ・飲食店,"ふるさとたまポン,さいコイン,たまポン,出産・子育て,限定たまポン",3300072,さいたま市浦和区 領家7丁目17番14浦和領家コーポD102,0488321128
RENOCafe,カフェ・飲食店,"ふるさとたまポン,さいコイン,たまポン,出産・子育て,限定たまポン",3300072,さいたま市浦和区 領家７丁目２６番地２号,0488344848
さんかくカフェ,カフェ・飲食店,"ふるさとたまポン,さいコイン,たまポン,出産・子育て,限定たまポン",3300072,さいたま市浦和区 領家4丁目18番,0488311079
昭和酒場ポコペン,カフェ・飲食店,"さいコイン,たまポン,出産・子育て,限定たまポン",3300073,さいたま市浦和区元町2ー2－1喜崎屋ビル１F,08074385151
吉野家   北浦和西口店,カフェ・飲食店,"さいコイン,たまポン,出産・子育て,限定たまポン",3300074,さいたま市浦和区北浦和４ー２ー５サクラレジデンス北浦和1F,0488299980
UAMFAN THAI,カフェ・飲食店,"ふるさとたまポン,さいコイン,たまポン,出産・子育て,限定たまポン",3300074,さいたま市浦和区北浦和1-6-1 102,0487649918
一心寿司,カフェ・飲食店,"ふるさとたまポン,さいコイン,たまポン,出産・子育て,限定たまポン",3300074,さいたま市浦和区北浦和4丁目1番3号,0488312038
DIYA,カフェ・飲食店,"さいコイン,たまポン,出産・子育て,限定たまポン",3300074,さいたま市浦和区 北浦和4-7-7,0486063990
キッチンオリジン北浦和店,カフェ・飲食店,"さいコイン,たまポン,出産・子育て,限定たまポン",3300074,さいたま市浦和区北浦和３－２－５ＹＫ－１８ビル,0487117795
ビストロ   クゥー,カフェ・飲食店,"ふるさとたまポン,さいコイン,たまポン,出産・子育て,限定たまポン",3300074,さいたま市浦和区 北浦和1-15-10丸時ビル101,0487673226
珈琲亭,カフェ・飲食店,"ふるさとたまポン,さいコイン,たまポン,出産・子育て,限定たまポン",3300074,さいたま市浦和区 北浦和4-3-10若松屋ビル1F,0488248810
カフェディープラス,カフェ・飲食店,"ふるさとたまポン,さいコイン,たまポン,出産・子育て,限定たまポン",3300074,さいたま市浦和区 北浦和1丁目1番7号,0487676970
サムシング・クアトロ,カフェ・飲食店,"ふるさとたまポン,さいコイン,たまポン,出産・子育て,限定たまポン",3300074,さいたま市浦和区北浦和4ー3ー11CoCoビル,0488239335
snackみい北浦和店,カフェ・飲食店,"さいコイン,たまポン,出産・子育て,限定たまポン",3300074,さいたま市浦和区北浦和3ー10ー5斎藤アパート１F,0488340931
焼肉うらいち,カフェ・飲食店,"さいコイン,出産・子育て",3300075,さいたま市浦和区 針ヶ谷３丁目２番１１号,0488141129
白星クリーニング,クリーニング業,"さいコイン,たまポン,出産・子育て,限定たまポン",3300045,さいたま市浦和区 皇山町３８－１０,0488338164
松尾クリーニング,クリーニング業,"さいコイン,たまポン,出産・子育て,限定たまポン",3300052,さいたま市浦和区本太１ー３７ー１２,0488812812
クリーニング工房たぬま,クリーニング業,"さいコイン,たまポン,出産・子育て,限定たまポン",3300061,さいたま市浦和区 常盤１丁目３番地１５号,0488312700
スカット北浦和西口店,クリーニング業,"さいコイン,たまポン,出産・子育て,限定たまポン",3360061,さいたま市浦和区常盤9ー17ー10,0488227511
セブンイレブン浦和常盤5丁目店,コンビニエンスストア,"さいコイン,たまポン,出産・子育て,限定たまポン",3300061,さいたま市浦和区 常盤5丁目17番12号,0488314483
セブンイレブン針ヶ谷店,コンビニエンスストア,"さいコイン,たまポン,出産・子育て,限定たまポン",3300075,さいたま市浦和区 針ヶ谷１丁目１１番４号,0488313933
好日山荘浦和パルコ店,スポーツ用品販売,"さいコイン,出産・子育て",3300055,さいたま市浦和区 東高砂町１１番地１号浦和パルコ４階,0487649701
コバヤシスポーツ,スポーツ用品販売,"さいコイン,たまポン,出産・子育て,限定たまポン",3300062,さいたま市浦和区 仲町１丁目８番１１号,0488222021
URAWA POINT,スポーツ用品販売,"さいコイン,たまポン,出産・子育て,限定たまポン",3300062,さいたま市浦和区 仲町1丁目11番18号ユーネックスハイム２階,0488320062
西松屋チェーン   浦和パルコ店,その他,"さいコイン,出産・子育て",3300050,さいたま市浦和区高砂町１１ー１,07015178077
オリックスレンタカー浦和駒場店,その他,"さいコイン,たまポン,出産・子育て,限定たまポン",3300052,さいたま市浦和区本太５ー２９ー１,0488844543
はまや衣裳店,その他,"さいコイン,たまポン,出産・子育て,限定たまポン",3300054,さいたま市浦和区 東岸町2番20号,0488827346
国際交流センター,その他,"さいコイン,たまポン,出産・子育て,限定たまポン",3300055,さいたま市浦和区 東高砂町１１ー１コムナーレ９F,0488138500
高松屋,その他,"さいコイン,たまポン,出産・子育て,限定たまポン",3300055,さいたま市浦和区 東高砂町26番21号,0488823964
pilates&yoga studio syn,その他,"さいコイン,たまポン,出産・子育て,限定たまポン",3300056,さいたま市浦和区 東仲町9丁目11番タナカフラッツ１階,08043496731
浦和ふれあい館,その他,"さいコイン,たまポン,出産・子育て,限定たまポン",3300061,さいたま市浦和区 常盤９ー３０ー２２,0488297905
恭慶館,その他,"さいコイン,出産・子育て",3300061,さいたま市浦和区常盤９ー３０ー５,0488357450
コスコジ   北浦和西口店,その他,"さいコイン,たまポン,出産・子育て,限定たまポン",3300061,さいたま市浦和区常盤９－３２－３５,0488336740
(有)くまさか,その他,"さいコイン,たまポン,出産・子育て,限定たまポン",3300061,さいたま市浦和区常盤５ー２ー１４,0488316976
ＣＨＩＣ   ｔａｉｌｏｒ   ｍａｄｅ,その他,"さいコイン,たまポン,出産・子育て,限定たまポン",3300061,さいたま市浦和区 常盤９丁目３４ー１７本多ビル１Ｆ,0486126642
青山洋品店,その他,"さいコイン,たまポン,出産・子育て,限定たまポン",3300061,さいたま市浦和区常盤３ー１８ー１３,0488316690
中華楼,その他,"さいコイン,たまポン,出産・子育て,限定たまポン",3300061,さいたま市浦和区 常盤10-9-13中華楼,0488311616
ｍａｍａｗｒｅａｔｈ,その他,"さいコイン,たまポン,出産・子育て,限定たまポン",3300061,さいたま市浦和区 常盤9丁目33番3号,0487673618
アイル・コーポレーション株式会社,その他,"さいコイン,たまポン,出産・子育て,限定たまポン",3300061,さいたま市浦和区 常盤五丁目2番18号,0488322514
amoroso,その他,"さいコイン,たまポン,出産・子育て,限定たまポン",3300062,さいたま市浦和区仲町１ー５ー２,0488229005
フォトスタジオラピナス浦和店,その他,"さいコイン,たまポン,出産・子育て,限定たまポン",3300062,さいたま市浦和区仲町２ー３ー２２桑原ビル4階,0487626636
はんこ屋さん２１浦和店,その他,"さいコイン,たまポン,出産・子育て,限定たまポン",3300062,さいたま市浦和区 仲町２丁目１番１号博栄堂ビル   １階,0488158583
ロボット教室リンクル,その他,"さいコイン,たまポン,出産・子育て,限定たまポン",3300062,さいたま市浦和区 仲町２丁目９番地５号,08050277597
REGAL SHOES 浦和店,その他,"さいコイン,たまポン,出産・子育て,限定たまポン",3300062,さいたま市浦和区仲町１丁目１番１号浦和吉野ビル１F,0488323500
Fleur Girafe,その他,"さいコイン,たまポン,出産・子育て,限定たまポン",3300062,さいたま市浦和区 仲町3丁目２番地１４号,0488343754
靴専科浦和店,その他,"さいコイン,たまポン,出産・子育て,限定たまポン",3300062,さいたま市浦和区 仲町1丁目5番地7号森田ビル1階,0487896064
エンドーデンキ   仲町店,その他,"さいコイン,たまポン,出産・子育て,限定たまポン",3300062,さいたま市浦和区 仲町2ー19ー17,0488226428
足立屋,その他,"さいコイン,たまポン,出産・子育て,限定たまポン",3300062,さいたま市浦和区 仲町3-13-12,0488222978
漢方専門一心堂薬局   浦和店,その他,"さいコイン,たまポン,出産・子育て,限定たまポン",3300063,さいたま市浦和区高砂３ー７ー４アルスビル1F,0488141414
コバトン屋   コバトンカフェ店,その他,"さいコイン,たまポン,出産・子育て,限定たまポン",3300063,さいたま市浦和区 高砂３丁目１３番３号衛生会館１階,0487111337
武笠表具店,その他,"さいコイン,たまポン,出産・子育て,限定たまポン",3300063,さいたま市浦和区高砂３－７－６,0488224946
浦和観光案内所,その他,"さいコイン,たまポン,出産・子育て,限定たまポン",3300063,さいたま市浦和区 高砂一丁目１６番地１２アトレ浦和South Area,0488831055
ミック,その他,"さいコイン,たまポン,出産・子育て,限定たまポン",3300063,さいたま市浦和区 高砂１丁目１２番地１号コルソ内,0488245324
シャンボール,その他,"さいコイン,たまポン,出産・子育て,限定たまポン",3300063,さいたま市浦和区 高砂二丁目8番4号,0488243302
浦和 花たろう,その他,"さいコイン,たまポン,出産・子育て,限定たまポン",3300063,さいたま市浦和区高砂1ー12ー1浦和コルソ1F,0487628759
フローリスト花忠,その他,"さいコイン,たまポン,出産・子育て,限定たまポン",3300064,さいたま市浦和区岸町7-2-9-102,0488224729
Total IT School,その他,"さいコイン,たまポン,出産・子育て,限定たまポン",3300064,さいたま市浦和区 岸町４丁目２－１８赤澤ビル２Ｆ,09077228936
巻き爪バスター   与野店,その他,"さいコイン,たまポン,出産・子育て,限定たまポン",3300071,さいたま市浦和区上木崎2-3-81階-A,0488238510
手作りチーズケーキの店ダンテ   工房店,その他,"さいコイン,たまポン,出産・子育て,限定たまポン",3300073,さいたま市浦和区元町1-31-15,0488838600
有限会社おとぎや,その他,"さいコイン,たまポン,出産・子育て,限定たまポン",3300074,さいたま市浦和区北浦和３－１－１７,0488313931
コスコジ   北浦和本店,その他,"さいコイン,たまポン,出産・子育て,限定たまポン",3300074,さいたま市浦和区北浦和3丁目1番15号,0488310177
はなひよ工房,その他,"さいコイン,たまポン,出産・子育て,限定たまポン",3300074,さいたま市浦和区 北浦和3-13-12,07090560524
アマービレ音楽教室,その他,"さいコイン,たまポン,出産・子育て,限定たまポン",3300074,さいたま市浦和区 北浦和５丁目１０番４号,0488322520
シバタ音楽教室,その他,"さいコイン,たまポン,出産・子育て,限定たまポン",3300074,さいたま市浦和区 北浦和１丁目１１番地１１号,0488230055
ギンザドー,その他,"さいコイン,たまポン,出産・子育て,限定たまポン",3300074,さいたま市浦和区 北浦和3丁目4番地1号三宝ビル２F,0488327712
さくら屋フォトスタジオ,その他,"さいコイン,たまポン,出産・子育て,限定たまポン",3300074,さいたま市浦和区 北浦和３丁目２番２号,0488314541
埼玉県セルプセンター協議会   販売会用1,その他,"さいコイン,たまポン,出産・子育て,限定たまポン",3300075,さいたま市浦和区針ヶ谷４ー２ー６５,0487112523
埼玉県セルプセンター協議会   販売会用2,その他,"さいコイン,たまポン,出産・子育て,限定たまポン",3300075,さいたま市浦和区針ヶ谷４ー２ー６５,0487112523
埼玉県セルプセンター協議会   販売会用3,その他,"さいコイン,たまポン,出産・子育て,限定たまポン",3300075,さいたま市浦和区針ヶ谷４ー２ー６５,0487112523
アンテナショップ   かっぽ,その他,"さいコイン,たまポン,出産・子育て,限定たまポン",3309301,さいたま市浦和区 高砂3丁目15番地1号,0488307788
さくらリムジン,タクシー・運転代行・旅客運送業,"さいコイン,たまポン,出産・子育て,限定たまポン",3300043,さいたま市浦和区 大東3-2-10,09038014856
ケアポート彩玉,タクシー・運転代行・旅客運送業,"さいコイン,たまポン,出産・子育て,限定たまポン",3300061,さいたま市浦和区 常盤6丁目13番3号,0487175550
さくらムービー,デジタルコンテンツ,"さいコイン,たまポン,出産・子育て,限定たまポン",3300063,さいたま市浦和区 高砂３－８－５1F,0487491821
ウエルシア薬局浦和木崎店,ドラッグストア,"さいコイン,たまポン,出産・子育て,限定たまポン",3300042,さいたま市浦和区木崎1ー7ー27,0488111190
ドラッグセイムス浦和木崎店,ドラッグストア,"さいコイン,たまポン,出産・子育て,限定たまポン",3300042,さいたま市浦和区木崎3ー8ー19,0488242120
ココカラファイン浦和パルコ店,ドラッグストア,"さいコイン,出産・子育て",3300055,さいたま市浦和区東高砂町１１ー１浦和パルコＢ１,0486118132
ドラッグセイムス浦和駅東口店,ドラッグストア,"さいコイン,たまポン,出産・子育て,限定たまポン",3300055,さいたま市浦和区東高砂町9ー1SUMIDA   ONE1F,0488133535
スギ薬局浦和駅東口店,ドラッグストア,"さいコイン,たまポン,出産・子育て,限定たまポン",3300056,さいたま市浦和区東仲町11番5号ガーデンシティ浦和東口   1階,0488297826
セイムス北浦和薬局,ドラッグストア,"さいコイン,たまポン,出産・子育て,限定たまポン",3300061,さいたま市浦和区常盤9ー34ー18,0488338934
サンドラッグ浦和店,ドラッグストア,"さいコイン,出産・子育て",3300062,さいたま市浦和区仲町1ー7ー1イトーヨーカドー浦和店１階,0488252585
マツモトキヨシ浦和高砂店,ドラッグストア,"さいコイン,たまポン,出産・子育て,限定たまポン",3300063,さいたま市浦和区 高砂2丁目9－1,0488333766
スギ薬局浦和高砂店,ドラッグストア,"さいコイン,たまポン,出産・子育て,限定たまポン",3300063,さいたま市浦和区高砂二丁目６番１８号,0487676275
トモズアトレ浦和店,ドラッグストア,"さいコイン,出産・子育て",3300063,さいたま市浦和区高砂1-16-12,0847897067
ウエルシア浦和駅調剤薬局,ドラッグストア,"さいコイン,出産・子育て",3300063,さいたま市浦和区高砂1ー16ー12JR浦和駅構内,0487676321
セイムス高砂薬局,ドラッグストア,"さいコイン,たまポン,出産・子育て,限定たまポン",3300063,さいたま市浦和区高砂2ー2ー20,0488255512
ドラッグセイムス浦和岸町店,ドラッグストア,"さいコイン,たまポン,出産・子育て,限定たまポン",3300064,さいたま市浦和区岸町6ー9ー1,0488728282
セイムス浦和駅西口薬局,ドラッグストア,"さいコイン,たまポン,出産・子育て,限定たまポン",3300064,さいたま市浦和区岸町4ー2ー15石内岸町ビル1F,0488338006
セイムス岸町4丁目薬局,ドラッグストア,"さいコイン,たまポン,出産・子育て,限定たまポン",3300064,さいたま市浦和区岸町4ー23ー7,0488254721
スギ薬局浦和神明店,ドラッグストア,"さいコイン,出産・子育て",3300065,さいたま市浦和区神明二丁目13番13号   1階,0488163785
スギ薬局在宅調剤センターさいたま浦和店,ドラッグストア,"さいコイン,出産・子育て",3300065,さいたま市浦和区神明二丁目13番13号スギ薬局浦和神明店   2階,0487678687
マツモトキヨシ   ビバモールさいたま新都心店,ドラッグストア,"さいコイン,出産・子育て",3300071,さいたま市浦和区 上木崎1-13-1,0488158060
スギ薬局浦和上木崎店,ドラッグストア,"さいコイン,出産・子育て",3300071,さいたま市浦和区上木崎４丁目９番１５号ヤオコー浦和上木崎店２階,0488142700
スギドラッグ与野駅西口店,ドラッグストア,"さいコイン,たまポン,出産・子育て,限定たまポン",3300071,さいたま市浦和区上木崎１丁目１０ー１グランデュオ北街区１０４号,0488249910
ウエルシア   浦和上木崎店,ドラッグストア,"さいコイン,たまポン,出産・子育て,限定たまポン",3300071,さいたま市浦和区上木崎7丁目１番33号,0488235010
セイムス上木崎薬局,ドラッグストア,"さいコイン,たまポン,出産・子育て,限定たまポン",3300071,さいたま市浦和区上木崎2ー3ー35,0488311593
マツモトキヨシ浦和上木崎店,ドラッグストア,"さいコイン,たまポン,出産・子育て,限定たまポン",3300071,さいたま市浦和区 上木崎２丁目１４番２３号,0488155000
スギ薬局浦和元町店,ドラッグストア,"さいコイン,たまポン,出産・子育て,限定たまポン",3300073,さいたま市浦和区元町２丁目２３番２７号,0488711225
トモズ北浦和東口店,ドラッグストア,"さいコイン,たまポン,出産・子育て,限定たまポン",3300073,さいたま市浦和区元町2丁目1－3ライオンズプラザウラワモトマチシティ   1階,0487677324
ココカラファイン調剤北浦和元町店,ドラッグストア,"さいコイン,たまポン,出産・子育て,限定たまポン",3300073,さいたま市浦和区元町２ー１８ー１３浦和元町メディカルビル１階,0487676061
マツモトキヨシ北浦和駅西口店,ドラッグストア,"さいコイン,たまポン,出産・子育て,限定たまポン",3300074,さいたま市浦和区 北浦和４丁目店５番地８,0488141105
トモズ北浦和店,ドラッグストア,"さいコイン,たまポン,出産・子育て,限定たまポン",3300074,さいたま市浦和区北浦和4丁目3－9,0488265231
マツモトキヨシ北浦和駅前店,ドラッグストア,"さいコイン,たまポン,出産・子育て,限定たまポン",3300074,さいたま市浦和区 北浦和3丁目4番地1,0488332787
ココカラファイン調剤北浦和店,ドラッグストア,"さいコイン,たまポン,出産・子育て,限定たまポン",3300074,さいたま市浦和区北浦和４ー９ー１ネスト北浦和１Ｆ,0488246657
セイムス針ヶ谷薬局,ドラッグストア,"さいコイン,たまポン,出産・子育て,限定たまポン",3300075,さいたま市浦和区針ヶ谷3ー13ー18,0488253722
フェレットとうさぎのお店フェレット・リンク＆ラビット・リンク,ペット用品,"さいコイン,たまポン,限定たまポン",3300074,さいたま市浦和区 北浦和1-20-9,0487992145
まつげエクステサロンアイズ浦和店,まつ毛エクステ・ネイル,"さいコイン,たまポン,限定たまポン",3300055,さいたま市浦和区東高砂町9-20岸ビル2F,0488266100
enowaアイラッシュ浦和東口店,まつ毛エクステ・ネイル,"さいコイン,たまポン,限定たまポン",3300056,さいたま市浦和区東仲町１１ー１浦和イーストビル３階,0487411713
ティーエヌ浦和店,まつ毛エクステ・ネイル,"さいコイン,たまポン,限定たまポン",3300056,さいたま市浦和区 東仲町８−２２コスモシティ浦和東ビル2F,0488872528
IRIE,まつ毛エクステ・ネイル,"さいコイン,たまポン,限定たまポン",3300061,さいたま市浦和区常盤９ー３２ー２４市川ビル2F,07022887707
トータルビューティーサロン   ウィステリア,まつ毛エクステ・ネイル,"さいコイン,たまポン,限定たまポン",3300063,さいたま市浦和区 高砂2丁目1番19号浦和ワシントンホテル２階,0488227777
MIUnail＆eye,まつ毛エクステ・ネイル,"さいコイン,たまポン,限定たまポン",3300074,さいたま市浦和区 北浦和3-8-6田口ビル1-C,0486334227
ビッグエコー浦和店,レジャー施設,"さいコイン,たまポン,出産・子育て,限定たまポン",3300062,さいたま市浦和区仲町1丁目1－6平和ビル,0488238877
ビッグエコー浦和中央店,レジャー施設,"さいコイン,たまポン,出産・子育て,限定たまポン",3300062,さいたま市浦和区仲町1丁目3－6浦和仲町YKビル,0488338811
コミックバスター浦和店,レジャー施設,"さいコイン,たまポン,出産・子育て,限定たまポン",3300063,さいたま市浦和区高砂２ー６ー１８地下1F,0488250481
コルソエリザベス,化粧品販売,"さいコイン,たまポン,出産・子育て,限定たまポン",3300063,さいたま市浦和区 高砂1丁目12番1号,0488245317
パーミンダイゴウ   コスメティックコート,化粧品販売,"さいコイン,たまポン,出産・子育て,限定たまポン",3300074,さいたま市浦和区 北浦和1丁目1番7号,0487491202
リンダ化粧品店,化粧品販売,"さいコイン,たまポン,出産・子育て,限定たまポン",3300074,さいたま市浦和区 北浦和1丁目21番14号,0488319533
カユカヤン,家具・インテリア,"さいコイン,たまポン,出産・子育て,限定たまポン",3300074,さいたま市浦和区 北浦和１丁目２３－２０田中ビル１階,0488265840
ノジマ浦和パルコ店,家電販売店,"さいコイン,出産・子育て",3300055,さいたま市浦和区 東高砂町１１－１浦和パルコ２Ｆ,0488111351
ツミタ家電,家電販売店,"さいコイン,たまポン,出産・子育て,限定たまポン",3300075,さいたま市浦和区 針ヶ谷１丁目８番１８号,0488323698
パリミキ   イオン北浦和店,眼鏡・コンタクト販売,"さいコイン,出産・子育て",3300061,さいたま市浦和区 常盤１０丁目２０番２９号イオン北浦和店１Ｆ,0488324780
ポンメガネ浦和店,眼鏡・コンタクト販売,"さいコイン,たまポン,出産・子育て,限定たまポン",3300063,さいたま市浦和区高砂3-6-9信陽堂ビル1F,0487623919
パリミキ   ビバモールさいたま新都心店,眼鏡・コンタクト販売,"さいコイン,出産・子育て",3300071,さいたま市浦和区 上木崎１丁目１３番１号ビバモールさいたま新都心店 ３Ｆ,0487118771
Ｗｉｎｋアオヤギ北浦和店,眼鏡・コンタクト販売,"さいコイン,たまポン,出産・子育て,限定たまポン",3300074,さいたま市浦和区 北浦和１ー９ー５,0488825620
魚民浦和東口駅前店,居酒屋・Bar,"さいコイン,たまポン,限定たまポン",3300055,さいたま市浦和区東高砂町２ー３プリムローズビル 2階,0488861588
STAND BAR BRUNO,居酒屋・Bar,"さいコイン,たまポン,限定たまポン",3300055,さいたま市浦和区 東高砂町9ー１５,0488299920
深夜食堂じょーじ,居酒屋・Bar,"さいコイン,たまポン,限定たまポン",3300056,さいたま市浦和区 東仲町１１ー２３地下１階,09088188623
串カツ田中浦和店,居酒屋・Bar,"さいコイン,たまポン,限定たまポン",3300056,さいたま市浦和区 東仲町８ー１,0488299490
BEERNOVA URAWA,居酒屋・Bar,"ふるさとたまポン,さいコイン,たまポン,限定たまポン",3300056,さいたま市浦和区東仲町25-5-1バティマE101,0487111401
炭火焼鳥家   ちきちき,居酒屋・Bar,"ふるさとたまポン,さいコイン,たまポン,限定たまポン",3300056,さいたま市浦和区 東仲町8-16,0488851234
やきとりだいちゃん,居酒屋・Bar,"ふるさとたまポン,さいコイン,たまポン,限定たまポン",3300056,さいたま市浦和区 東仲町11番３号やきとりだいちゃん,0486783911
BEBE,居酒屋・Bar,"ふるさとたまポン,さいコイン,たまポン,限定たまポン",3300061,さいたま市浦和区 常盤９ー１７ー９トキワビル2F,0486773985
おでんと和食まきのや,居酒屋・Bar,"ふるさとたまポン,さいコイン,たまポン,限定たまポン",3300061,さいたま市浦和区 常盤９丁目１６番地７号K2H102,0488337550
こんぺいとう北浦和店,居酒屋・Bar,"ふるさとたまポン,さいコイン,たまポン,限定たまポン",3300061,さいたま市浦和区常盤9-32-26,0484002399
魚民浦和西口駅前店,居酒屋・Bar,"さいコイン,たまポン,限定たまポン",3300062,さいたま市浦和区仲町１ー３ー２グリーンビル 2階3階,0488220688
キタノイチバ浦和西口駅前店,居酒屋・Bar,"さいコイン,たまポン,限定たまポン",3300062,さいたま市浦和区仲町１ー３ー２グリーンビル 1階,0488228288
居酒屋   赤松,居酒屋・Bar,"ふるさとたまポン,さいコイン,たまポン,限定たまポン",3300062,さいたま市浦和区仲町２ー５ー１ロイヤルパインズホテル浦和５F,0488271163
大山どり炭火焼酒場 俺の店 浦和店,居酒屋・Bar,"さいコイン,たまポン,限定たまポン",3300062,さいたま市浦和区 仲町1-1-10森崎ビル２階３階,0487628002
URAWA POINT PUB,居酒屋・Bar,"さいコイン,たまポン,限定たまポン",3300062,さいたま市浦和区仲町１ー１１ー１８ユーネックスハイム２階,8041830014
浦和金星,居酒屋・Bar,"ふるさとたまポン,さいコイン,たまポン,限定たまポン",3300062,さいたま市浦和区 仲町１丁目５番地１６号今泉ビル2階,0487649215
Lounge Bar ZiZi,居酒屋・Bar,"ふるさとたまポン,さいコイン,たまポン,限定たまポン",3300062,さいたま市浦和区 仲町1-9-17RS仲町2階,0487088122
やまいち家,居酒屋・Bar,"ふるさとたまポン,さいコイン,たまポン,限定たまポン",3300062,さいたま市浦和区 仲町1-5-1東和ビル１階,0487117565
わさび居酒屋あな蔵,居酒屋・Bar,"ふるさとたまポン,さいコイン,たまポン,限定たまポン",3300062,さいたま市浦和区 仲町2丁目3番地5号,0487118447
ロンドン酒場   アーロン,居酒屋・Bar,"ふるさとたまポン,さいコイン,たまポン,限定たまポン",3300062,さいたま市浦和区 仲町1丁目9－14第1アークビルB1,0488325388
牛もつ鍋 串揚げわ佐んぼん,居酒屋・Bar,"さいコイン,たまポン,限定たまポン",3300063,さいたま市浦和区高砂２ー７−７セブンビル ２階,0488243120
居酒屋   なんやかんや,居酒屋・Bar,"ふるさとたまポン,さいコイン,たまポン,限定たまポン",3300063,さいたま市浦和区高砂3-10-4全日埼玉会館B1,0488621699
Ｕ．Ｂ．Ｐ   ＢＲＥＷＥＲＹ,居酒屋・Bar,"ふるさとたまポン,さいコイン,たまポン,限定たまポン",3300063,さいたま市浦和区 高砂２ー１ー１９浦和ワシントンホテル１Ｆ,0486744685
アバンティプラス,居酒屋・Bar,"ふるさとたまポン,さいコイン,たまポン,限定たまポン",3300063,さいたま市浦和区 高砂1丁目13番地9,0487113288
カラオケ   もぐもぐ,居酒屋・Bar,"さいコイン,たまポン,限定たまポン",3300063,さいたま市浦和区高砂2ー1ー19浦和ワシントンホテル１F,0488247000
一刻館,居酒屋・Bar,"ふるさとたまポン,さいコイン,たまポン,限定たまポン",3300064,さいたま市浦和区岸町4-24-15,0488315369
GECKO TAPROOM,居酒屋・Bar,"さいコイン,たまポン,限定たまポン",3300071,さいたま市浦和区 上木崎２ー２ー１５AOビル2F,0487677795
松与志,居酒屋・Bar,"ふるさとたまポン,さいコイン,たまポン,限定たまポン",3300071,さいたま市浦和区 上木崎1丁目9番地15号グランデュオ南街区102,0488329030
Bar BANK,居酒屋・Bar,"ふるさとたまポン,さいコイン,たまポン,限定たまポン",3300074,さいたま市浦和区北浦和４ー１ー７HOTビル３F,0486275190
炭火焼ダイニング楽笑   北浦和駅西口店,居酒屋・Bar,"ふるさとたまポン,さいコイン,たまポン,限定たまポン",3300074,さいたま市浦和区 北浦和４ー３ー１６,08095645334
ロクナナ,居酒屋・Bar,"ふるさとたまポン,さいコイン,たまポン,限定たまポン",3300074,さいたま市浦和区北浦和５ー１ー２,0488164291
TRUE BRIGHT,居酒屋・Bar,"さいコイン,たまポン,限定たまポン",3300074,さいたま市浦和区北浦和１ー１１ー４エレガ北浦和,0488332483
るはり屋,居酒屋・Bar,"ふるさとたまポン,さいコイン,たまポン,限定たまポン",3300074,さいたま市浦和区北浦和３ー１ー１０,0486378691
BAR 4thplace,居酒屋・Bar,"ふるさとたまポン,さいコイン,たまポン,限定たまポン",3300074,さいたま市浦和区 北浦和四丁目８番２号,0486780441
エミュー,居酒屋・Bar,"ふるさとたまポン,さいコイン,たまポン,限定たまポン",3300074,さいたま市浦和区 北浦和1ー１ー７江崎ビル5階,0488845008
BEER HUNTING URAWA,居酒屋・Bar,"ふるさとたまポン,さいコイン,たまポン,限定たまポン",3300074,さいたま市浦和区北浦和4-3-72F-D,0487111700
スペインバル   エルマニータ,居酒屋・Bar,"ふるさとたまポン,さいコイン,たまポン,限定たまポン",3300074,さいたま市浦和区 北浦和1-2-15,0487623114
中華酒場華光,居酒屋・Bar,"ふるさとたまポン,さいコイン,たまポン,限定たまポン",3300074,さいたま市浦和区 北浦和四丁目七番地十号,0484002054
ａｕショップ浦和,携帯電話電話販売,"さいコイン,たまポン,出産・子育て,限定たまポン",3300062,さいたま市浦和区仲町２ー１ー１３,0488341771
さいたま市青少年宇宙科学館,行政機関,"さいコイン,たまポン,出産・子育て,限定たまポン",3300051,さいたま市浦和区駒場２－３－４５,0488811515
さいたま市浦和コミュニティセンター,行政機関,"さいコイン,出産・子育て",3300055,さいたま市浦和区東高砂町１１－１コムナーレ１０階,0488876565
さいたま市査察指導課,行政機関,"さいコイン,出産・子育て",3300061,さいたま市浦和区常盤６ー１ー２８,0488337038
さいたま市うらわ美術館,行政機関,"さいコイン,たまポン,出産・子育て,限定たまポン",3300062,さいたま市浦和区仲町２－５－１,0488273215
さいたま市浦和駅市民の窓口,行政機関,"さいコイン,出産・子育て",3300063,さいたま市浦和区高砂１－１６－１２,0488830210
さいたま市子ども家庭総合センター,行政機関,"さいコイン,出産・子育て",3300071,さいたま市浦和区上木崎４ー４ー１０,0487111986
さいたま市与野駅市民の窓口,行政機関,"さいコイン,出産・子育て",3300071,さいたま市浦和区上木崎２－２－２,0488256661
さいたま市北浦和駅市民の窓口,行政機関,"さいコイン,出産・子育て",3300074,さいたま市浦和区北浦和３－３－１,0488338661
さいたま市水道局   南部水道営業所,行政機関,"さいコイン,出産・子育て",3300075,さいたま市浦和区針ヶ谷１ー１８ー２,0487149919
さいたま市水道局   給水工事課,行政機関,"さいコイン,出産・子育て",3300075,さいたま市浦和区針ヶ谷１ー１８ー２,0487143089
さいたま市常盤北保育園,行政機関,"さいコイン,出産・子育て",3300075,さいたま市浦和区針ヶ谷４－１－１,0488338728
さいたま市水道局   営業課,行政機関,"さいコイン,出産・子育て",3308532,さいたま市浦和区 常盤６丁目１４番１６号６丁目１４番１６号,0487143085
さいたま市水道局   北部水道建設課,行政機関,"さいコイン,出産・子育て",3308532,さいたま市浦和区常盤６ー１４ー１６,0487143100
さいたま市浦和区役所くらし応援室,行政機関,"さいコイン,出産・子育て",3309586,さいたま市浦和区常盤６－４－４,0488296052
さいたま市浦和区役所保険年金課,行政機関,"さいコイン,出産・子育て",3309586,さいたま市浦和区常盤６－４－４,0488296162
さいたま市浦和区役所情報公開コーナー,行政機関,"さいコイン,出産・子育て",3309586,さいたま市浦和区常盤６－４－４,0488296049
さいたま市浦和区役所区民課,行政機関,"さいコイン,出産・子育て",3309586,さいたま市浦和区常盤６－４－４,0488296069
さいたま市農業環境整備課・農業政策課,行政機関,"さいコイン,出産・子育て",3309588,さいたま市浦和区常盤６ー４ー４,0488291376
さいたま市農地調整課・農業振興課,行政機関,"さいコイン,出産・子育て",3309588,さいたま市浦和区常盤６ー４ー４,0488291805
さいたま市建築行政課・建築総務課,行政機関,"さいコイン,出産・子育て",3309588,さいたま市浦和区常盤６ー４ー４,0488291533
さいたま市産業廃棄物指導課,行政機関,"さいコイン,出産・子育て",3309588,さいたま市浦和区常盤６ー４ー４,0488291607
さいたま市環境対策課,行政機関,"さいコイン,出産・子育て",3309588,さいたま市浦和区常盤６ー４ー４,0488291332
さいたま市スポーツ振興課,行政機関,"さいコイン,出産・子育て",3309588,さいたま市浦和区常盤６ー４ー４,0488291058
さいたま市南部市税事務所,行政機関,"さいコイン,出産・子育て",3318587,さいたま市浦和区常盤６－４－２１,0488291386
すずき歯科医院,歯科医院,"さいコイン,たまポン,出産・子育て,限定たまポン",3300062,さいたま市浦和区 仲町1丁目6番地6号浦和メディカルbld.4階,0488225080
毎日自転車,自動車バイク自転車販売・整備,"さいコイン,たまポン,出産・子育て,限定たまポン",3300054,さいたま市浦和区 東岸町１５ー５ビラナカムラ１Ｆ毎日自転車,0487896456
バイクガレージ達輪,自動車バイク自転車販売・整備,"さいコイン,たまポン,出産・子育て,限定たまポン",3300054,さいたま市浦和区 東岸町18-14,0488873902
セオサイクル浦和東口店,自動車バイク自転車販売・整備,"さいコイン,たまポン,出産・子育て,限定たまポン",3300056,さいたま市浦和区東仲町12-9パーレンス東仲町１ｆ,0488138255
マイセルフ常盤,自動車バイク自転車販売・整備,"さいコイン,たまポン,出産・子育て,限定たまポン",3300061,さいたま市浦和区常盤５ー１６ー５,0488332205
バイクショップフジクラ,自動車バイク自転車販売・整備,"さいコイン,たまポン,出産・子育て,限定たまポン",3300061,さいたま市浦和区 常盤２丁目１１番２２号,0488312422
サイクルショップホップス,自動車バイク自転車販売・整備,"さいコイン,たまポン,出産・子育て,限定たまポン",3300062,さいたま市浦和区 仲町4丁目2番地19号,0488622199
BIKE-STUDIO,自動車バイク自転車販売・整備,"さいコイン,たまポン,出産・子育て,限定たまポン",3300064,さいたま市浦和区岸町４丁目２番２２号,0488220017
サイクルショップ   TAMAKI,自動車バイク自転車販売・整備,"さいコイン,たまポン,出産・子育て,限定たまポン",3300071,さいたま市浦和区 上木崎6-37-16,0488242350
セオサイクル与野店,自動車バイク自転車販売・整備,"さいコイン,たまポン,出産・子育て,限定たまポン",3300071,さいたま市浦和区 上木崎4丁目8番地20号シャンポール上木崎101,0487678990
サイクルショップ   プラスワン,自動車バイク自転車販売・整備,"さいコイン,たまポン,出産・子育て,限定たまポン",3300072,さいたま市浦和区領家7-17-10B108,0488253780
スポーツバイクファクトリー北浦和スズキ,自動車バイク自転車販売・整備,"さいコイン,たまポン,出産・子育て,限定たまポン",3300072,さいたま市浦和区 領家３丁目２３番１７号,0488837077
セオサイクル北浦和店,自動車バイク自転車販売・整備,"さいコイン,たまポン,出産・子育て,限定たまポン",3300074,さいたま市浦和区 北浦和5丁目6番地7号レジデンス北浦和101,0488328442
有限会社わかさや酒店,酒類販売,"さいコイン,たまポン,限定たまポン",3300053,さいたま市浦和区 前地3丁目4番１号,0488822616
横内酒店,酒類販売,"さいコイン,たまポン,限定たまポン",3300061,さいたま市浦和区 常盤９丁目３２番地１８号,0488317813
加島屋商店,酒類販売,"さいコイン,たまポン,限定たまポン",3300062,さいたま市浦和区仲町2丁目15番8号,0488223165
並木酒店,酒類販売,"さいコイン,たまポン,限定たまポン",3300071,さいたま市浦和区 上木崎5丁目2番20号,0488319425
能登屋酒店,酒類販売,"さいコイン,たまポン,限定たまポン",3300074,さいたま市浦和区北浦和３ー１３ー２,0488315456
ロイヤルパインズホテル浦和   宿泊部,宿泊施設,"ふるさとたまポン,さいコイン,たまポン,出産・子育て,限定たまポン",3300062,さいたま市浦和区仲町２ー５ー１ロイヤルパインズホテル浦和１F,0488271111
内田屋煎餅,食料品・日用品,"さいコイン,たまポン,出産・子育て,限定たまポン",3300052,さいたま市浦和区 本太2－1－4,0488851740
石塚とうふ店,食料品・日用品,"さいコイン,たまポン,出産・子育て,限定たまポン",3300052,さいたま市浦和区 本太二丁目9番７号,0488827048
米工房ひろおか,食料品・日用品,"さいコイン,出産・子育て",3300052,さいたま市浦和区 本太1丁目1番地1号,0488822942
長堀商店,食料品・日用品,"さいコイン,たまポン,出産・子育て,限定たまポン",3300053,さいたま市浦和区 前地3丁目1-11,0488824734
常盤珈琲焙煎所   浦和店,食料品・日用品,"ふるさとたまポン,さいコイン,たまポン,出産・子育て,限定たまポン",3300055,さいたま市浦和区東高砂町９ー２０岸ビル１F,0487673043
ＫＵ－ＮＥＲＵ ｂａｋｅｒｙ,食料品・日用品,"さいコイン,たまポン,出産・子育て,限定たまポン",3300055,さいたま市浦和区 東高砂町９－２０,0488847633
高砂や,食料品・日用品,"さいコイン,たまポン,出産・子育て,限定たまポン",3300056,さいたま市浦和区 東仲町９丁目３号高砂や,0488827796
常盤珈琲焙煎所   北浦和店,食料品・日用品,"ふるさとたまポン,さいコイン,たまポン,出産・子育て,限定たまポン",3300061,さいたま市浦和区常盤９丁目３３ー２,0488299433
グリーンハウス   サントミ,食料品・日用品,"さいコイン,たまポン,出産・子育て,限定たまポン",3300061,さいたま市浦和区 常盤9丁目19番地4号,0488317817
中屋菓子店,食料品・日用品,"さいコイン,たまポン,出産・子育て,限定たまポン",3300061,さいたま市浦和区 常盤9丁目17-12,0488316908
杉の子マート   さいたま市役所店,食料品・日用品,"さいコイン,たまポン,出産・子育て,限定たまポン",3300061,さいたま市浦和区常盤6ー4ー4さいたま市役所内B1F,0487145157
ウラワベーカリー,食料品・日用品,"さいコイン,たまポン,出産・子育て,限定たまポン",3300062,さいたま市浦和区 仲町4-2-14掛川ビル一階西側,0488383768
リサイクル1ＧＵＵ,食料品・日用品,"さいコイン,たまポン,出産・子育て,限定たまポン",3300062,さいたま市浦和区 仲町2丁目3番22号,0487628082
酒井甚四郎商店,食料品・日用品,"さいコイン,たまポン,出産・子育て,限定たまポン",3300062,さいたま市浦和区 仲町２丁目４番地２３号,0488222110
彩果の宝石   コルソ店,食料品・日用品,"さいコイン,たまポン,出産・子育て,限定たまポン",3300063,さいたま市浦和区高砂１ー１２ー１浦和コルソ1F,0488316333
靴下と生活雑貨のお店「さきっちょ」,食料品・日用品,"さいコイン,たまポン,出産・子育て,限定たまポン",3300064,さいたま市浦和区 岸町４丁目２０ー１５レインボーつきのみや１F,0487897640
有限会社   清宮青果,食料品・日用品,"さいコイン,たまポン,出産・子育て,限定たまポン",3300064,さいたま市浦和区 岸町７ー１ー４   １F,0488228007
山下豆腐店,食料品・日用品,"さいコイン,たまポン,出産・子育て,限定たまポン",3300071,さいたま市浦和区上木崎４ー１ー３４,0488314427
CHEESE HOUSE EMA   新都心店,食料品・日用品,"さいコイン,たまポン,出産・子育て,限定たまポン",3300071,さいたま市浦和区上木崎1-13-1ビバモールさいたま新都心店3階,0487118812
みつ芋はるか・かめ福   新都心店,食料品・日用品,"さいコイン,たまポン,出産・子育て,限定たまポン",3300071,さいたま市浦和区上木崎1-13-1ビバモールさいたま新都心店3階   アクアグルメコート,0487118812
パティスリーレタン与野駅東口駅前,食料品・日用品,"さいコイン,たまポン,出産・子育て,限定たまポン",3300071,さいたま市浦和区上木崎1‐2‐7,0488313017
ブーランジェベーグ新都心,食料品・日用品,"さいコイン,たまポン,出産・子育て,限定たまポン",3300071,さいたま市浦和区上木崎1-13-1ビバモールさいたま新都心店3階,0487118810
ドレミパン工房店,食料品・日用品,"さいコイン,たまポン,出産・子育て,限定たまポン",3300072,さいたま市浦和区領家6ー17ー20,0000000000
スーパーストアはまのや,食料品・日用品,"さいコイン,たまポン,出産・子育て,限定たまポン",3300073,さいたま市浦和区元町１ー３３ー６,0488864941
パティスリーポルトボヌール,食料品・日用品,"さいコイン,たまポン,出産・子育て,限定たまポン",3300074,さいたま市浦和区 北浦和１ー２４ー１１,0487118875
やおやのけんちゃん,食料品・日用品,"さいコイン,たまポン,出産・子育て,限定たまポン",3300074,さいたま市浦和区北浦和４ー９ー３２,0487626972
ボンドール   北浦和西口駅前店,食料品・日用品,"さいコイン,たまポン,出産・子育て,限定たまポン",3300074,さいたま市浦和区 北浦和４丁目５番地１号小室屋ビル,0488328191
レオニダスさいたま北浦和店,食料品・日用品,"さいコイン,たまポン,出産・子育て,限定たまポン",3300074,さいたま市浦和区 北浦和４－３－１０コバヤシビル,0488140017
有機八百屋野良,食料品・日用品,"さいコイン,出産・子育て",3300074,さいたま市浦和区 北浦和3-12-21,0488226866
うらわ整骨院,整体・整骨院・鍼伮院・リラクゼーション,"さいコイン,たまポン,出産・子育て,限定たまポン",3300042,さいたま市浦和区木崎４ｰ16ｰ9サンパーク木崎,0487897227
AsianHealingMango タイ古式とカッピングとアロマ,整体・整骨院・鍼伮院・リラクゼーション,"さいコイン,たまポン,出産・子育て,限定たまポン",3300052,さいたま市浦和区 本太1ー31ー22ー2,09038751698
アトム接骨院,整体・整骨院・鍼伮院・リラクゼーション,"さいコイン,たまポン,出産・子育て,限定たまポン",3300055,さいたま市浦和区 東高砂町５番２号,0488810313
サンパーク整体,整体・整骨院・鍼伮院・リラクゼーション,"さいコイン,たまポン,出産・子育て,限定たまポン",3300056,さいたま市浦和区 東仲町１2丁目９番地パーレンス東仲町3０3,0487116686
いつき鍼伮マッサージ院,整体・整骨院・鍼伮院・リラクゼーション,"さいコイン,たまポン,出産・子育て,限定たまポン",3300061,さいたま市浦和区 常盤９丁目１７番地１０号メリービル301号室,0488315977
ビューティ＆ヘルスケア   トップ,整体・整骨院・鍼伮院・リラクゼーション,"さいコイン,たまポン,出産・子育て,限定たまポン",3300061,さいたま市浦和区 常盤9-10-15,0486270315
タイ古式マッサージ   Arun,整体・整骨院・鍼伮院・リラクゼーション,"さいコイン,たまポン,出産・子育て,限定たまポン",3300062,さいたま市浦和区仲町２ー１５ー９西山ビル3F,0488314545
リフレッシュセンターリラックス浦和店,整体・整骨院・鍼伮院・リラクゼーション,"さいコイン,たまポン,出産・子育て,限定たまポン",3300062,さいたま市浦和区 仲町1-6-1,0488141090
Melty 浦和,整体・整骨院・鍼伮院・リラクゼーション,"さいコイン,たまポン,出産・子育て,限定たまポン",3300062,さいたま市浦和区仲町2-2-2,0488235592
Preference chiropractic URAWA,整体・整骨院・鍼伮院・リラクゼーション,"さいコイン,たまポン,出産・子育て,限定たまポン",3300062,さいたま市浦和区 仲町２丁目２番地７号イチカワビル２０２号室,0487627007
リラックスサロン ラクア,整体・整骨院・鍼伮院・リラクゼーション,"さいコイン,たまポン,出産・子育て,限定たまポン",3300063,さいたま市浦和区 高砂１丁目２番地１号エイペックスタワー浦和１０９号室,0487993918
ドライヘッドスパ専門店HANARE,整体・整骨院・鍼伮院・リラクゼーション,"さいコイン,たまポン,出産・子育て,限定たまポン",3300063,さいたま市浦和区 高砂３丁目７番地３号エスポワール3階,0486334657
浦和筋膜整体 ＬＩＭ,整体・整骨院・鍼伮院・リラクゼーション,"さいコイン,たまポン,出産・子育て,限定たまポン",3300063,さいたま市浦和区 高砂２丁目３番地５号Ｌ＇Ａｒｔｅ４０３,05018092066
SABO-TEN接骨院   はりきゅう院   浦和院,整体・整骨院・鍼伮院・リラクゼーション,"さいコイン,たまポン,出産・子育て,限定たまポン",3300063,さいたま市浦和区 高砂2-2-1ほしみつビル３階,0487674471
アロマサロン   neuf neuf,整体・整骨院・鍼伮院・リラクゼーション,"さいコイン,たまポン,出産・子育て,限定たまポン",3300064,さいたま市浦和区 岸町4-23-16レイナード202,05012775966
浦和ほぐしマスター,整体・整骨院・鍼伮院・リラクゼーション,"さいコイン,たまポン,出産・子育て,限定たまポン",3300064,さいたま市浦和区 岸町6丁目1-2小池ビル1F-Ａ,08031223912
マタニティ・産後専門院 niwatoco   与野駅前院,整体・整骨院・鍼伮院・リラクゼーション,"さいコイン,たまポン,出産・子育て,限定たまポン",3300071,さいたま市浦和区上木崎１ー１０ー１グランデュオ北街区１０１,08074462870
きざき整骨院,整体・整骨院・鍼伮院・リラクゼーション,"さいコイン,たまポン,出産・子育て,限定たまポン",3300071,さいたま市浦和区上木崎2ー14ー19グレドール並木,0487676682
ネイル&リラクゼーションサロン   ParerauApi,整体・整骨院・鍼伮院・リラクゼーション,"さいコイン,たまポン,出産・子育て,限定たまポン",3300073,さいたま市浦和区 元町１ー６ー６,0488266306
北浦和西口カイロプラクティック【骨盤矯正×整体】,整体・整骨院・鍼伮院・リラクゼーション,"さいコイン,たまポン,出産・子育て,限定たまポン",3300074,さいたま市浦和区 北浦和４ー３ー１７ー１０２,0487623214
リラクゼーションサロンNONAMANIS北浦和,整体・整骨院・鍼伮院・リラクゼーション,"さいコイン,たまポン,出産・子育て,限定たまポン",3300074,さいたま市浦和区 北浦和3-2-43階,0488255182
プライベートサロンAMAOTO.,整体・整骨院・鍼伮院・リラクゼーション,"さいコイン,たまポン,出産・子育て,限定たまポン",3300074,さいたま市浦和区 北浦和３丁目18番20-9号,08031739240
SABO-TEN接骨院   はりきゅう院   浦高通り院,整体・整骨院・鍼伮院・リラクゼーション,"さいコイン,たまポン,出産・子育て,限定たまポン",3300074,さいたま市浦和区 北浦和1-9-1藤和シティホームズ北浦和,0487629700
SABO-TEN接骨院   はりきゅう院   北浦和院,整体・整骨院・鍼伮院・リラクゼーション,"さいコイン,たまポン,出産・子育て,限定たまポン",3300074,さいたま市浦和区 北浦和3-7-1北浦和サンリーフビル,0486266955
壮快カイロ施術院,整体・整骨院・鍼伮院・リラクゼーション,"さいコイン,たまポン,出産・子育て,限定たまポン",3300075,さいたま市浦和区 針ヶ谷４丁目７ー９,0488775449
整体サロン Komorebi,整体・整骨院・鍼伮院・リラクゼーション,"さいコイン,たまポン,出産・子育て,限定たまポン",3300075,さいたま市浦和区針ヶ谷３－２－７ToYou@Bil202,0488325555
わかば薬局浦和駅東口店,調剤薬局,"さいコイン,出産・子育て",3300055,さいたま市浦和区 東高砂町１４ー１８前島ビル１階,0488838455
太陽堂薬局,調剤薬局,"さいコイン,たまポン,出産・子育て,限定たまポン",3300056,さいたま市浦和区 東仲町８番１９号,0488822788
ソレイユ薬局,調剤薬局,"さいコイン,たまポン,出産・子育て,限定たまポン",3300056,さいたま市浦和区東仲町25ー29,0486071001
ファルマプリベ薬局,調剤薬局,"さいコイン,たまポン,出産・子育て,限定たまポン",3300061,さいたま市浦和区 常盤９ー１９ー１２ライフステージ北浦和駅前1F,0488224955
そうごう薬局浦和店,調剤薬局,"さいコイン,たまポン,出産・子育て,限定たまポン",3300061,さいたま市浦和区 常盤9-4-4,0488235731
そうごう薬局ふれあい通り店,調剤薬局,"さいコイン,たまポン,出産・子育て,限定たまポン",3300061,さいたま市浦和区 常盤９丁目３２－２０,0488324861
そうごう薬局常盤店,調剤薬局,"さいコイン,たまポン,出産・子育て,限定たまポン",3300061,さいたま市浦和区 常盤10丁目10番18号,0488271331
そうごう薬局うらわ高砂店,調剤薬局,"さいコイン,たまポン,出産・子育て,限定たまポン",3300063,さいたま市浦和区 高砂1丁目2番地1号エイペックスタワー浦和106,0487957831
そうごう薬局岸町店,調剤薬局,"さいコイン,たまポン,出産・子育て,限定たまポン",3300064,さいたま市浦和区 岸町２－９－２８,0487623018
堀野薬局,調剤薬局,"さいコイン,たまポン,出産・子育て,限定たまポン",3300064,さいたま市浦和区 岸町4丁目２６番１号コスタ・タワー   １０８号室,0488226034
領家薬局,調剤薬局,"さいコイン,たまポン,出産・子育て,限定たまポン",3300072,さいたま市浦和区領家4-13-14,0487145040
わかば薬局北浦和店,調剤薬局,"さいコイン,出産・子育て",3300074,さいたま市浦和区 北浦和２－１４－２４,0487676137
わかば薬局北浦和駅東口店,調剤薬局,"さいコイン,出産・子育て",3300074,さいたま市浦和区 北浦和１ー１ー７北原ビル１階,0488164238
そうごう薬局ハッピーロード店,調剤薬局,"さいコイン,たまポン,出産・子育て,限定たまポン",3300074,さいたま市浦和区 北浦和４丁目３－８,0488140300
そうごう薬局北浦和駅前店,調剤薬局,"さいコイン,たまポン,出産・子育て,限定たまポン",3300074,さいたま市浦和区 北浦和4丁目3番11号,0488233951
そうごう薬局針ヶ谷店,調剤薬局,"さいコイン,たまポン,出産・子育て,限定たまポン",3300075,さいたま市浦和区針ヶ谷1-8-12,0487117551
ヘアサロンシスター大東店,美容院・理容院,"さいコイン,たまポン,出産・子育て,限定たまポン",3300043,さいたま市浦和区 大東３丁目３７番１０号,0488864056
美容室Moderate,美容院・理容院,"さいコイン,たまポン,出産・子育て,限定たまポン",3300055,さいたま市浦和区 東高砂町16ー2KK ビル1F,0488863136
caru 北浦和東口店,美容院・理容院,"さいコイン,たまポン,出産・子育て,限定たまポン",3300061,さいたま市浦和区 常盤３ー１８ー６西脇ビル1F,0487116006
caru 北浦和西口店,美容院・理容院,"さいコイン,たまポン,出産・子育て,限定たまポン",3300061,さいたま市浦和区常盤９ー１５ー１４ハイマートときわ101A,00487111225
ヘアーサロン中田,美容院・理容院,"さいコイン,たまポン,出産・子育て,限定たまポン",3300061,さいたま市浦和区 常盤９丁目１１番１０号,0488323423
bio hair,美容院・理容院,"さいコイン,たまポン,出産・子育て,限定たまポン",3300061,さいたま市浦和区 常盤９丁目１７番地８号北浦和ハウス1階002北,0488228819
オプスヘアー北浦和,美容院・理容院,"さいコイン,たまポン,出産・子育て,限定たまポン",3300061,さいたま市浦和区常盤９ー３１ー１６ホクリンカン莊司ビル1F,0488142150
Hair Salon Noa 北浦和店,美容院・理容院,"さいコイン,たまポン,出産・子育て,限定たまポン",3300061,さいたま市浦和区 常盤9-19-9,0487673410
ATELIER HAKUBOTAN,美容院・理容院,"さいコイン,たまポン,出産・子育て,限定たまポン",3300061,さいたま市浦和区 常盤5丁目17番地2号ファーストビル浦和1F,0488226041
HAIR MAKE UP STUDIO MIMURO,美容院・理容院,"さいコイン,たまポン,出産・子育て,限定たまポン",3300062,さいたま市浦和区 仲町２丁目４番２２号関井ビル２階,0488272155
ｓａｌｏｎ   ｄｅ   ｃｏｉｆｆｕｒｅ   ＭＯＧＡＭＩ,美容院・理容院,"さいコイン,たまポン,出産・子育て,限定たまポン",3300062,さいたま市浦和区 仲町２丁目１５番地９西山ビル１階,0487678195
enowa hair lounge,美容院・理容院,"さいコイン,たまポン,出産・子育て,限定たまポン",3300062,さいたま市浦和区 仲町３丁目２番地１号浦和仲町スカイマンション１０５,0487993708
DAYHAPPY 浦和,美容院・理容院,"さいコイン,たまポン,出産・子育て,限定たまポン",3300063,さいたま市浦和区 高砂１ー１ー１朝日生命ビルＢ１,0488320775
HAIR&MAKE EARTH   浦和店,美容院・理容院,"さいコイン,たまポン,出産・子育て,限定たまポン",3300063,さいたま市浦和区高砂２ー２浦和県庁通りビル２F,0488141162
CHIC   浦和店,美容院・理容院,"さいコイン,たまポン,出産・子育て,限定たまポン",3300063,さいたま市浦和区高砂２ー５ー５KIビル１F,0120973035
UNIX   エイペックスタワー浦和店,美容院・理容院,"さいコイン,たまポン,出産・子育て,限定たまポン",3300063,さいたま市浦和区高砂１ー２ー１ー１１７エイペックスタワー浦和,0488237030
Charme,美容院・理容院,"さいコイン,たまポン,出産・子育て,限定たまポン",3300063,さいたま市浦和区 高砂２丁目６番地１９号ル・アップビル2階,0487677009
上田理容室,美容院・理容院,"さいコイン,たまポン,出産・子育て,限定たまポン",3300064,さいたま市浦和区 岸町２丁目９番地２９号,0488228208
ヘアーメイクベルル浦和岸町店,美容院・理容院,"さいコイン,たまポン,出産・子育て,限定たまポン",3300064,さいたま市浦和区 岸町２丁目１８番１３号,0488316868
GARO北浦和店,美容院・理容院,"さいコイン,たまポン,出産・子育て,限定たまポン",3300074,さいたま市浦和区北浦和１ー２ー２北浦和ﾋﾞﾙ,0488332201
HAIR&MAKE EARTH   北浦和店,美容院・理容院,"さいコイン,たまポン,出産・子育て,限定たまポン",3300074,さいたま市浦和区北浦和４ー３ー１８北浦和四丁目ビル１F,0488239380
シバタ美容室,美容院・理容院,"さいコイン,たまポン,出産・子育て,限定たまポン",3300074,さいたま市浦和区 北浦和３丁目７番１号,0488317462
ANEW 北浦和店,美容院・理容院,"さいコイン,たまポン,出産・子育て,限定たまポン",3300074,さいたま市浦和区 北浦和１ー１ー６ホンダセカンドビル   2階,07091107658
理容ダンディ,美容院・理容院,"さいコイン,たまポン,出産・子育て,限定たまポン",3300075,さいたま市浦和区 針ヶ谷２丁目５番２号,0488325720
イオン北浦和店,百貨店・スーパー・ホームセンター,"さいコイン,出産・子育て",3300061,さいたま市浦和区常盤10-20-29,0488223921
富士ガーデン 浦和コルソ店,百貨店・スーパー・ホームセンター,"さいコイン,たまポン,出産・子育て,限定たまポン",3300063,さいたま市浦和区 高砂１ー１２ー１浦和コルソ地下１階,0488248629
タカラストーン,百貨店・スーパー・ホームセンター,"さいコイン,たまポン,出産・子育て,限定たまポン",3300063,さいたま市浦和区 高砂１－１２－１CORSO４F,0487116226
コープ上木崎店,百貨店・スーパー・ホームセンター,"さいコイン,たまポン,出産・子育て,限定たまポン",3300071,さいたま市浦和区 上木崎7丁目6号7番,0488311266
AOKIサイズマックス浦和店,百貨店・スーパー・ホームセンター,"さいコイン,たまポン,出産・子育て,限定たまポン",3300071,さいたま市浦和区 上木崎5丁目7番地1号,0488223988
AOKIビバモールさいたま新都心店,百貨店・スーパー・ホームセンター,"さいコイン,出産・子育て",3300071,さいたま市浦和区 上木崎1-13-1,0488155788
ミニコープ領家店,百貨店・スーパー・ホームセンター,"さいコイン,たまポン,出産・子育て,限定たまポン",3300072,さいたま市浦和区 領家２丁目３－７,0488875707
マルエツ北浦和東口,百貨店・スーパー・ホームセンター,"さいコイン,出産・子育て",3300074,さいたま市浦和区 北浦和3丁目7番14号,0488313903
近代都市住宅   株式会社,不動産業,"さいコイン,たまポン,限定たまポン",3300073,さいたま市浦和区元町２ー９ー８3F,0487118631
秀陽堂書店,文具・書籍販売,"さいコイン,たまポン,出産・子育て,限定たまポン",3300056,さいたま市浦和区 東仲町9番9号,0488824302
はんこ広場   浦和店,文具・書籍販売,"さいコイン,たまポン,出産・子育て,限定たまポン",3300056,さいたま市浦和区東仲町２５－１０,0487896602
須原屋本店,文具・書籍販売,"さいコイン,たまポン,出産・子育て,限定たまポン",3300062,さいたま市浦和区仲町2-3-20,0488225321
須原屋コルソ店,文具・書籍販売,"さいコイン,たまポン,出産・子育て,限定たまポン",3300063,さいたま市浦和区高砂1-12-1,0488245321
佃文教堂,文具・書籍販売,"さいコイン,たまポン,出産・子育て,限定たまポン",3300063,さいたま市浦和区 高砂２丁目１１番１４号,0488222378
Cypres d'or,宝飾販売,"さいコイン,たまポン,限定たまポン",3300063,さいたま市浦和区 高砂２丁目６番地１６号,07090191981
JTB 浦和パルコ店,旅行代理店,"さいコイン,出産・子育て",3300055,さいたま市浦和区東高砂町11-1浦和パルコ２階,0486108874
Resort saion AQUA,エステ,"さいコイン,たまポン,出産・子育て,限定たまポン",3360017,さいたま市南区南浦和２ー２７ー１エバープラザ202,0487678322
クローバー南浦和店,エステ,"さいコイン,たまポン,出産・子育て,限定たまポン",3360017,さいたま市南区南浦和２ー３９ー２第一大雄ビル１F,0486130580
BRUNCH脱毛サロン   整体院,エステ,"さいコイン,たまポン,出産・子育て,限定たまポン",3360021,さいたま市南区 別所７丁目２ー１ファーストタワー1812号室,0488717476
トータルビューティーサロンgrace【グレース】【1月5日   GRAND OPEN】,エステ,"さいコイン,たまポン,出産・子育て,限定たまポン",3360021,さいたま市南区 別所３ー４ー１結晶ビル   102,0486063498
艶肌エステルーム彩肌,エステ,"さいコイン,たまポン,出産・子育て,限定たまポン",3360021,さいたま市南区 別所7-7-6アルモニー別所102,08044111366
Lulu アイラッシュ,エステ,"さいコイン,たまポン,出産・子育て,限定たまポン",3360022,さいたま市南区白幡１ー４ー１2F,0487116227
ENEOSイーストシティ浦和SS,ガソリンスタンド,"さいコイン,たまポン,出産・子育て,限定たまポン",3360042,さいたま市南区大谷口５４２１,0488731533
アズーリ,カフェ・飲食店,"ふるさとたまポン,さいコイン,たまポン,出産・子育て,限定たまポン",3300062,さいたま市南区別所7ー1ー16,0487105300
ゆず庵 南浦和店,カフェ・飲食店,"さいコイン,たまポン,出産・子育て,限定たまポン",3360015,さいたま市南区太田窪２５５８,0487676967
むさしの森珈琲浦和太田窪,カフェ・飲食店,"さいコイン,たまポン,出産・子育て,限定たまポン",3360015,さいたま市南区 太田窪1280,0488111044
小島屋,カフェ・飲食店,"ふるさとたまポン,さいコイン,たまポン,出産・子育て,限定たまポン",3360015,さいたま市南区太田窪2166,0488821382
Dining bar 花,カフェ・飲食店,"さいコイン,たまポン,出産・子育て,限定たまポン",3360017,さいたま市南区 南浦和２丁目３１番地５マルヒロビル1階,0487116646
uraniwa,カフェ・飲食店,"ふるさとたまポン,さいコイン,たまポン,出産・子育て,限定たまポン",3360017,さいたま市南区 南浦和2丁目19番地11号,
珈琲店蘭豆,カフェ・飲食店,"ふるさとたまポン,さいコイン,たまポン,出産・子育て,限定たまポン",3360017,さいたま市南区南浦和２ー２７ー１４,09054314544
Onestep,カフェ・飲食店,"ふるさとたまポン,さいコイン,たまポン,出産・子育て,限定たまポン",3360017,さいたま市南区 南浦和2-35-5,0487111992
かみや鮨,カフェ・飲食店,"ふるさとたまポン,さいコイン,たまポン,出産・子育て,限定たまポン",3360017,さいたま市南区 南浦和2丁目17番9号,0488829011
食堂ヨリミチ,カフェ・飲食店,"ふるさとたまポン,さいコイン,たまポン,出産・子育て,限定たまポン",3360017,さいたま市南区 南浦和3-10-2亀井ビル1F,0487993886
SNACKみぃ   南浦和店,カフェ・飲食店,"さいコイン,たまポン,出産・子育て,限定たまポン",3360017,さいたま市南区 南浦和2ー34ー13スペースHANA,0488266131
居食ダイニング   ゆづ葉,カフェ・飲食店,"ふるさとたまポン,さいコイン,たまポン,出産・子育て,限定たまポン",3360017,さいたま市南区 南浦和2丁目28番地10カーサ・ブリランテⅡ   3階,0487677470
Buon sapore,カフェ・飲食店,"ふるさとたまポン,さいコイン,たまポン,出産・子育て,限定たまポン",3360017,さいたま市南区 南浦和2-17-8,0488845568
キッチンオリジン南浦和店,カフェ・飲食店,"さいコイン,たまポン,出産・子育て,限定たまポン",3360018,さいたま市南区南本町１－５－６,0487104051
吉野家   武蔵浦和駅前店,カフェ・飲食店,"さいコイン,たまポン,出産・子育て,限定たまポン",3360021,さいたま市南区別所７ー７ー３４,0488458563
Another place cafe,カフェ・飲食店,"さいコイン,たまポン,出産・子育て,限定たまポン",3360021,さいたま市南区別所4-11-17,0487115477
Meat URANO,カフェ・飲食店,"さいコイン,たまポン,出産・子育て,限定たまポン",3360021,さいたま市南区別所7-1-14セブンスアベニュー,0487992959
焼肉林檎,カフェ・飲食店,"さいコイン,たまポン,出産・子育て,限定たまポン",3360021,さいたま市南区別所7-1-14セブンスアベニュー,0487629949
マスカクラブ,カフェ・飲食店,"さいコイン,たまポン,出産・子育て,限定たまポン",3360021,さいたま市南区別所7-1-14セブンスアベニュー,0487539996
大衆酒場   煉,カフェ・飲食店,"さいコイン,たまポン,限定たまポン",3360021,さいたま市南区別所７－１ー１６,0487106828
木曽路武蔵浦和店,カフェ・飲食店,"さいコイン,たまポン,出産・子育て,限定たまポン",3360021,さいたま市南区別所1-26-10,0488611530
洋食Chisou,カフェ・飲食店,"ふるさとたまポン,さいコイン,たまポン,出産・子育て,限定たまポン",3360021,さいたま市南区 別所2-6-19小川第1ビル101,0487491411
カレーハウスCoco壱番屋JR武蔵浦和駅東口,カフェ・飲食店,"さいコイン,たまポン,出産・子育て,限定たまポン",3360021,さいたま市南区 別所7-6-8,0488459199
土合やぶ,カフェ・飲食店,"ふるさとたまポン,さいコイン,たまポン,出産・子育て,限定たまポン",3360022,さいたま市南区 白幡２ー１８ー２１,0488624848
欧風料理の店TIKAL,カフェ・飲食店,"ふるさとたまポン,さいコイン,たまポン,出産・子育て,限定たまポン",3360022,さいたま市南区 白幡６丁目９番地１３号,0488650208
北海道生まれ   和食処とんでん白幡店,カフェ・飲食店,"さいコイン,たまポン,出産・子育て,限定たまポン",3360022,さいたま市南区 白幡1-14-15,0488388877
どん亭武蔵浦和店,カフェ・飲食店,"さいコイン,たまポン,出産・子育て,限定たまポン",3360022,さいたま市南区 白幡５丁目１－２８金幸ビル２階,0487109029
四季の味   岡田,カフェ・飲食店,"ふるさとたまポン,さいコイン,たまポン,出産・子育て,限定たまポン",3360022,さいたま市南区 白幡５丁目１９番５号サンメゾン   Ⅱ   101,0488661040
ひまわり亭,カフェ・飲食店,"ふるさとたまポン,さいコイン,たまポン,出産・子育て,限定たまポン",3360024,さいたま市南区根岸１ー７ー１さいたま市文化センター内,0486255100
ごはんと一品食堂,カフェ・飲食店,"ふるさとたまポン,さいコイン,たまポン,出産・子育て,限定たまポン",3360025,さいたま市南区文蔵１ー１７ー２,0487112707
旬Sai-Lab,カフェ・飲食店,"さいコイン,たまポン,出産・子育て,限定たまポン",3360026,さいたま市南区辻3-1-26,09022420973
ＧａｌｌｅｒｙＣａｆｅ   ＡＲＴ   ＭＥＥＴ   ＮＥＴＺ,カフェ・飲食店,"さいコイン,たまポン,出産・子育て,限定たまポン",3360027,さいたま市南区 沼影２丁目５番地２１号,07045309696
おくどさん,カフェ・飲食店,"さいコイン,たまポン,出産・子育て,限定たまポン",3360027,さいたま市南区沼影1-13-1ナリアテラス,0488656665
ピッツェリアオオサキ武蔵浦和店,カフェ・飲食店,"さいコイン,たまポン,出産・子育て,限定たまポン",3360027,さいたま市南区 沼影1丁目6番地19号,0487673870
サムシング ベッラ・ジョイア,カフェ・飲食店,"ふるさとたまポン,さいコイン,たまポン,出産・子育て,限定たまポン",3360027,さいたま市南区沼影1ー13ー1ナリア・テラス,0487491330
カモメ荘,カフェ・飲食店,"さいコイン,たまポン,出産・子育て,限定たまポン",3360031,さいたま市南区鹿手袋2-5-15市川ビル1F,0487111147
北海道生まれ   和食処とんでん浦和四谷店,カフェ・飲食店,"さいコイン,たまポン,出産・子育て,限定たまポン",3360032,さいたま市南区四谷3-13-9,0488616501
リンガーハット大宮バイパス浦和店,カフェ・飲食店,"さいコイン,たまポン,出産・子育て,限定たまポン",3360033,さいたま市南区 曲本1-15-1,0488361362
モダンパスタ   西浦和店,カフェ・飲食店,"さいコイン,たまポン,出産・子育て,限定たまポン",3360034,さいたま市南区内谷5-13-12,0488363311
カレーハウスCoCo壱番屋   南区内谷店,カフェ・飲食店,"さいコイン,たまポン,出産・子育て,限定たまポン",3360034,さいたま市南区 内谷１丁目３－２,0488443551
イタリアンレストラン   ピノキオ,カフェ・飲食店,"ふるさとたまポン,さいコイン,たまポン,出産・子育て,限定たまポン",3360041,さいたま市南区 広ヶ谷戸３番地３号,0488870866
ALOHADOG,カフェ・飲食店,"ふるさとたまポン,さいコイン,たまポン,出産・子育て,限定たまポン",3360042,さいたま市南区 大谷口1266ノグチハイツ6,07090028344
パン工房風見鶏,カフェ・飲食店,"さいコイン,たまポン,出産・子育て,限定たまポン",3360042,さいたま市南区 大谷口５３３８－６,0488745831
白栄舎,クリーニング業,"さいコイン,たまポン,出産・子育て,限定たまポン",3360015,さいたま市南区 太田窪2843-6,0488824048
スカット南浦和３丁目店,クリーニング業,"さいコイン,たまポン,出産・子育て,限定たまポン",3360017,さいたま市南区南浦和3ー5ー5,0488817030
スカット丸広南浦和店,クリーニング業,"さいコイン,たまポン,出産・子育て,限定たまポン",3360018,さいたま市南区南本町1ー7ー4丸広百貨店,0487896860
サンソフト武蔵浦和店,クリーニング業,"さいコイン,たまポン,出産・子育て,限定たまポン",3360021,さいたま市南区別所7ー3ー1オリンピック,0488392002
スカット辻工場店,クリーニング業,"さいコイン,たまポン,出産・子育て,限定たまポン",3360026,さいたま市南区 辻7丁目1番2号,0488631361
クリーニングみつばち,クリーニング業,"さいコイン,たまポン,出産・子育て,限定たまポン",3360042,さいたま市南区 大谷口5409,0488763281
セブンイレブン南浦和３丁目店,コンビニエンスストア,"さいコイン,たまポン,出産・子育て,限定たまポン",3360017,さいたま市南区 南浦和３丁目４４ー６,0488812252
セブンイレブン 南浦和文化通り,コンビニエンスストア,"さいコイン,たまポン,出産・子育て,限定たまポン",3360018,さいたま市南区 南本町１ー１７ー１,0488390077
セブンイレブン浦和白幡6丁目店,コンビニエンスストア,"さいコイン,たまポン,出産・子育て,限定たまポン",3360022,さいたま市南区 白幡６丁目１１番地６号,0488662798
セブンイレブン   さいたま文蔵５丁目店,コンビニエンスストア,"さいコイン,たまポン,出産・子育て,限定たまポン",3360025,さいたま市南区 文蔵５丁目６番地１０号,0488381710
株式会社   二木ゴルフ   南浦和店,スポーツ用品販売,"さいコイン,たまポン,出産・子育て,限定たまポン",3360015,さいたま市南区太田窪2334ー1,0488137744
ゴルフ５浦和,スポーツ用品販売,"さいコイン,出産・子育て",3360033,さいたま市南区曲本1ー16ー1,0488398222
小山ゴルフバック製作所,スポーツ用品販売,"さいコイン,たまポン,出産・子育て,限定たまポン",3360042,さいたま市南区 大谷口５５０７,0488732819
ナノナイン南浦和店,その他,"さいコイン,たまポン,出産・子育て,限定たまポン",3360017,さいたま市南区南浦和２ー２７ー１エバープラザ102,0488874121
カメラの光盛堂Ⅱ,その他,"さいコイン,たまポン,出産・子育て,限定たまポン",3360017,さいたま市南区南浦和３ー６ー２,0488820408
有限会社デリカ,その他,"さいコイン,たまポン,出産・子育て,限定たまポン",3360017,さいたま市南区南浦和２ー４０ー３,0488824434
株式会社シンポ,その他,"さいコイン,たまポン,出産・子育て,限定たまポン",3360017,さいたま市南区南浦和２ー２９ー７,0488876441
ライスショップきよみや,その他,"さいコイン,たまポン,出産・子育て,限定たまポン",3360017,さいたま市南区南浦和３ー１６ー１８,0488899321
セオサイクル南浦和東口店,その他,"さいコイン,たまポン,出産・子育て,限定たまポン",3360017,さいたま市南区 南浦和3丁目9番地1号クレール四葉1F,0488860650
Ｐｉｌａｔｅｓ   Ｓｔｕｄｉｏ   Ｍ,その他,"さいコイン,たまポン,出産・子育て,限定たまポン",3360021,さいたま市南区 別所６丁目１９ー１３アドバンシティ４０１,07075768631
おそうじ本舗   浦和美園店,その他,"さいコイン,たまポン,出産・子育て,限定たまポン",3360021,さいたま市南区別所４ー２ー１７ー３０４,08070158603
関東図書株式会社,その他,"さいコイン,たまポン,出産・子育て,限定たまポン",3360021,さいたま市南区 別所三丁目1番10号,0488622901
西松屋チェーン   新オリンピック武蔵浦和店,その他,"さいコイン,出産・子育て",3360021,さいたま市南区別所7-3-1オリンピック武蔵浦和店Ｂ1F,07032434385
さいたま市文化センター,その他,"さいコイン,出産・子育て",3360024,さいたま市南区 根岸１ー７ー１,0488663171
ハードオフさいたま浦和南店,その他,"さいコイン,たまポン,出産・子育て,限定たまポン",3360024,さいたま市南区根岸５ー２４ー１０,0487108411
公益財団法人さいたま市文化振興事業団,その他,"さいコイン,たまポン,出産・子育て,限定たまポン",3360024,さいたま市南区 根岸１ー７ー１,0488663293
手作りチーズケーキの店ダンテ   南浦和本店,その他,"さいコイン,たまポン,出産・子育て,限定たまポン",3360024,さいたま市南区根岸3-19-13黒澤ビル,0488655858
革のお医者さん   レザードックわたなべ,その他,"さいコイン,たまポン,出産・子育て,限定たまポン",3360024,さいたま市南区 根岸1-6-15,0486997201
本家かまどや北戸田店,その他,"さいコイン,たまポン,出産・子育て,限定たまポン",3360026,さいたま市南区 辻８丁目２２番地１８号市両マンション101,0488379669
秋本自動車,その他,"さいコイン,たまポン,出産・子育て,限定たまポン",3360026,さいたま市南区辻4丁目19番地4号,0488616264
BABAlabさいたま工房,その他,"さいコイン,たまポン,出産・子育て,限定たまポン",3360031,さいたま市南区 鹿手袋7-3-19,0487993214
オフハウスベルクスモール浦和南店,その他,"さいコイン,たまポン,出産・子育て,限定たまポン",3360034,さいたま市南区内谷７ー１３ー８ベルクスモール2F,0487108611
上州屋浦和店,その他,"さいコイン,たまポン,出産・子育て,限定たまポン",3360034,さいたま市南区 内谷１－３－７,0488662101
FUTSALPOINT浦和たじま,その他,"さいコイン,たまポン,出産・子育て,限定たまポン",3360035,さいたま市南区松本１ー２１ー７,0488393018
浦和造形研究所,その他,"さいコイン,たまポン,出産・子育て,限定たまポン",3360038,さいたま市南区 関１丁目１番地３号,0488624464
中浦和サイクルポート,その他,"さいコイン,たまポン,出産・子育て,限定たまポン",3360038,さいたま市南区 関１丁目１番３号,0488624058
ハードオフ浦和太田窪店,その他,"さいコイン,たまポン,出産・子育て,限定たまポン",3360042,さいたま市南区オオヤグチ１２７６ー３,0488131711
ドラッグストアセキ   太田窪店,ドラッグストア,"さいコイン,たまポン,出産・子育て,限定たまポン",3360015,さいたま市南区太田窪1697ー1,0488131200
ドラッグセイムス太田窪店,ドラッグストア,"さいコイン,たまポン,出産・子育て,限定たまポン",3360015,さいたま市南区太田窪2ー11ー2,0488846251
スギ薬局南浦和駅東口店,ドラッグストア,"さいコイン,たまポン,出産・子育て,限定たまポン",3360017,さいたま市南区南浦和2丁目44番1号一ツ木ビル1階,0488163644
スギ薬局南浦和店,ドラッグストア,"さいコイン,たまポン,出産・子育て,限定たまポン",3360017,さいたま市南区南浦和３ー３５ー４,0488136965
セイムス南浦和2丁目薬局,ドラッグストア,"さいコイン,たまポン,出産・子育て,限定たまポン",3360017,さいたま市南区南浦和2ー12ー18松永ビル1階,0488130055
ドラッグセイムス南浦和店,ドラッグストア,"さいコイン,たまポン,出産・子育て,限定たまポン",3360017,さいたま市南区南浦和3ー8ー22,0488135111
ウエルシア南浦和西口店,ドラッグストア,"さいコイン,たまポン,出産・子育て,限定たまポン",3360018,さいたま市南区南本町１丁目６ー１Brillia   1階,0487994962
ココカラファインまるひろ南浦和店,ドラッグストア,"さいコイン,出産・子育て",3360018,さいたま市南区南本町１ー７ー４まるひろ南浦和店２階,0488448577
ドラッグセイムス浦和別所店,ドラッグストア,"さいコイン,たまポン,出産・子育て,限定たまポン",3360021,さいたま市南区別所7ー19ー22,0488728755
スギ薬局白幡店,ドラッグストア,"さいコイン,たまポン,出産・子育て,限定たまポン",3360022,さいたま市南区白幡６丁目１３番８号,0488392585
サンドラッグ武蔵浦和店,ドラッグストア,"さいコイン,出産・子育て",3360022,さいたま市南区 白幡5ー19ー19武蔵浦和駅南ビル,0488385791
ドラッグセイムス浦和根岸店,ドラッグストア,"さいコイン,たまポン,出産・子育て,限定たまポン",3360024,さいたま市南区根岸3ー5ー2,0487106868
ココカラファイン南浦和西口店,ドラッグストア,"さいコイン,たまポン,出産・子育て,限定たまポン",3360025,さいたま市南区 文蔵２ー２ー１,0488364311
ココカラファイン調剤南浦和西口調剤店,ドラッグストア,"さいコイン,たまポン,出産・子育て,限定たまポン",3360025,さいたま市南区文蔵２ー２ー１,0488364300
ドラッグセイムス浦和辻店,ドラッグストア,"さいコイン,たまポン,出産・子育て,限定たまポン",3360026,さいたま市南区辻5ー2ー10,0487105650
スギ薬局武蔵浦和駅前店,ドラッグストア,"さいコイン,たまポン,出産・子育て,限定たまポン",3360027,さいたま市南区沼影一丁目１０番１号ラムザＢ棟１階,0488297253
トモズザ・マーケットプレイス武蔵浦和店,ドラッグストア,"さいコイン,出産・子育て",3360027,さいたま市南区沼影1丁目8－18ザ・マーケットプレイス武蔵浦和   3階,0487491672
ウエルシア薬局武蔵浦和店,ドラッグストア,"さいコイン,出産・子育て",3360027,さいたま市南区沼影1ー13ー1,0488728170
ウエルシア薬局中浦和店,ドラッグストア,"さいコイン,たまポン,出産・子育て,限定たまポン",3360031,さいたま市南区鹿手袋2ー13ー19,0487105501
ドラッグセイムス武蔵浦和店,ドラッグストア,"さいコイン,たまポン,出産・子育て,限定たまポン",3360031,さいたま市南区鹿手袋6ー15ー31,0488443105
スギ薬局浦和店,ドラッグストア,"さいコイン,たまポン,出産・子育て,限定たまポン",3360033,さいたま市南区曲本五丁目５ー９,0488389292
ドラッグストアセキ   曲本店,ドラッグストア,"さいコイン,たまポン,出産・子育て,限定たまポン",3360033,さいたま市南区曲本4ー14ー2,0487107800
ドラッグセイムスさいたま曲本店,ドラッグストア,"さいコイン,たまポン,出産・子育て,限定たまポン",3360033,さいたま市南区曲本3ー1ー5,0487106831
ドラッグセイムス浦和内谷店,ドラッグストア,"さいコイン,たまポン,出産・子育て,限定たまポン",3360034,さいたま市南区内谷6ー1ー2,0488663715
ウエルシア   さいたま大谷口店,ドラッグストア,"さいコイン,たまポン,出産・子育て,限定たまポン",3360042,さいたま市南区大字大5607番地,0488135757
ドラッグストアマツモトキヨシ浦和大谷口店,ドラッグストア,"さいコイン,たまポン,出産・子育て,限定たまポン",3360042,さいたま市南区 大谷口1274の2,0488835535
セイジョー浦和円正寺店,ドラッグストア,"さいコイン,たまポン,出産・子育て,限定たまポン",3360043,さいたま市南区円正寺新田235,0488822800
セキ薬局   太田窪五丁目店,ドラッグストア,"さいコイン,たまポン,出産・子育て,限定たまポン",3360936,さいたま市南区太田窪5ー7ー3,0487118210
まつげエクステサロンアイズ武蔵浦和店,まつ毛エクステ・ネイル,"さいコイン,たまポン,限定たまポン",3360022,さいたま市南区白幡3-12-15内田ビル201,0486070919
まつ毛エクステ   レプレ,まつ毛エクステ・ネイル,"さいコイン,たまポン,限定たまポン",3360022,さいたま市南区 白幡5丁目6番15号プリメーラ白幡三番館107号,0488778088
おうちのネイルサロンKonpeiTou～こんぺいとう～,まつ毛エクステ・ネイル,"さいコイン,たまポン,限定たまポン",3360042,さいたま市南区 大谷口６６８ー１８,08051936530
CURTAIN  STAGE,家具・インテリア,"さいコイン,たまポン,出産・子育て,限定たまポン",3360017,さいたま市南区 南浦和3-5-3,0488812744
カーテン・じゅうたん王国 さいたまショールーム,家具・インテリア,"さいコイン,たまポン,出産・子育て,限定たまポン",3360018,さいたま市南区南本町１ー８ー３ライオンズステーションプラザ南浦和   2階,0487627133
ニトリ   武蔵浦和店,家具・インテリア,"さいコイン,出産・子育て",3360021,さいたま市南区別所７丁目３番１号,0488652040
ニトリ   埼大通り南与野店,家具・インテリア,"さいコイン,出産・子育て",3380013,さいたま市南区鈴谷４丁目４‐１,0488512320
有限会社ホンダ電気,家電販売店,"さいコイン,たまポン,出産・子育て,限定たまポン",3360017,さいたま市南区南浦和２ー４２ー２,0488824431
スザキ,家電販売店,"さいコイン,たまポン,出産・子育て,限定たまポン",3360021,さいたま市南区 別所３丁目１３番地１７号,0488623151
コジマ×ビックカメラ浦和店,家電販売店,"さいコイン,出産・子育て",3360034,さいたま市南区 内谷１丁目７番５号,0488728800
タダデンキ,家電販売店,"さいコイン,たまポン,出産・子育て,限定たまポン",3360042,さいたま市南区大谷口５４８０,0488730377
アイメガネ南浦和店,眼鏡・コンタクト販売,"さいコイン,たまポン,出産・子育て,限定たまポン",3360017,さいたま市南区南浦和3-2-5ﾄﾞｺﾓｼｮｯﾌﾟ南浦和店   1F,0488850001
メガネのワコー南浦和店,眼鏡・コンタクト販売,"さいコイン,たまポン,出産・子育て,限定たまポン",3360018,さいたま市南区南本町2ー1ー2プラザマツヤ2F,0488375882
ベストメガネコンタクト武蔵浦和ファーストタワー店,眼鏡・コンタクト販売,"さいコイン,たまポン,出産・子育て,限定たまポン",3360021,さいたま市南区別所7-2-1メディカルセンター1階,0488299091
ベストメガネコンタクト武蔵浦和駅前店,眼鏡・コンタクト販売,"さいコイン,たまポン,出産・子育て,限定たまポン",3360027,さいたま市南区 沼影１丁目１０番地１号ラムザタワー２階,0120405488
パリミキ   ザ・マーケットプレイス武蔵浦和店,眼鏡・コンタクト販売,"さいコイン,出産・子育て",3360027,さいたま市南区 沼影１丁目８番地１８号ザ・マーケットプレイス武蔵浦和３Ｆ,0486215320
バーレベルストック南浦和,居酒屋・Bar,"ふるさとたまポン,さいコイン,たまポン,限定たまポン",3360017,さいたま市南区 南浦和2丁目18番12号1F,0488816008
708,居酒屋・Bar,"ふるさとたまポン,さいコイン,たまポン,限定たまポン",3360017,さいたま市南区 南浦和2丁目30番地10,0488870708
わら焼き   おもてなし家（南浦和店）,居酒屋・Bar,"ふるさとたまポン,さいコイン,たまポン,限定たまポン",3360017,さいたま市南区南浦和2-27-12アビアントビル,0487897715
千年の宴南浦和西口駅前店,居酒屋・Bar,"さいコイン,たまポン,限定たまポン",3360018,さいたま市南区南本町１ー２ー７ユーエスビル 3階,0488651988
みつえちゃん南浦和西口駅前店,居酒屋・Bar,"さいコイン,たまポン,限定たまポン",3360018,さいたま市南区南本町１ー２ー７ユーエスビル 2階,0488657688
目利きの銀次南浦和西口駅前店,居酒屋・Bar,"さいコイン,たまポン,限定たまポン",3360018,さいたま市南区南本町１ー２ー７ユーエスビル 2階,0488657688
TommommiC,居酒屋・Bar,"ふるさとたまポン,さいコイン,たまポン,限定たまポン",3360025,さいたま市南区文蔵2-1-4ロイヤルコーポラス1階C号室,0488652872
魚民武蔵浦和駅前店,居酒屋・Bar,"さいコイン,たまポン,限定たまポン",3360027,さいたま市南区沼影１ー８ー１７武蔵浦和ラーメン館 2階,0488381588
かみふうせん武蔵浦和西口駅前店,居酒屋・Bar,"さいコイン,たまポン,限定たまポン",3360027,さいたま市南区沼影１ー８ー１７武蔵浦和ラーメン館 2階,0488630788
さいたま市谷田支所,行政機関,"さいコイン,出産・子育て",3360015,さいたま市南区大字太田窪１２７７－１,0488859616
さいたま市南浦和コミュニティセンター,行政機関,"さいコイン,出産・子育て",3360016,さいたま市南区大谷場２－６－２５,0488865856
さいたま市南浦和駅市民の窓口,行政機関,"さいコイン,出産・子育て",3360017,さいたま市南区南浦和２－３７－１,0488664761
さいたま市武蔵浦和コミュニティセンター,行政機関,"さいコイン,出産・子育て",3360021,さいたま市南区別所７－２０－１サウスピア８階,0488447215
さいたま市武蔵浦和保育園,行政機関,"さいコイン,出産・子育て",3360031,さいたま市南区鹿手袋４－１－１２,0488373411
さいたま市南区役所市税の窓口,行政機関,"さいコイン,出産・子育て",3368586,さいたま市南区別所７－２０－１,0488291386
さいたま市南区役所区民課,行政機関,"さいコイン,出産・子育て",3368586,さいたま市南区別所７－２０－１,0488447144
さいたま市南区役所くらし応援室,行政機関,"さいコイン,出産・子育て",3368586,さいたま市南区別所７－２０－１,0488447137
さいたま市南区役所保険年金課,行政機関,"さいコイン,出産・子育て",3368586,さいたま市南区別所７－２０－１,0488447183
さいたま市南区役所情報公開コーナー,行政機関,"さいコイン,出産・子育て",3368586,さいたま市南区別所７－２０－１,0488447137
UCc浦和サイクルセンター,自動車バイク自転車販売・整備,"さいコイン,たまポン,出産・子育て,限定たまポン",3360021,さいたま市南区 別所３丁目１番３号,0488617033
セルフ別所,自動車バイク自転車販売・整備,"さいコイン,たまポン,出産・子育て,限定たまポン",3360021,さいたま市南区別所２ー２ー２,0488373344
SHUNA   サイクルショップ,自動車バイク自転車販売・整備,"さいコイン,たまポン,出産・子育て,限定たまポン",3360021,さいたま市南区 別所１丁目１２－１１,0488371747
セオサイクル南浦和店,自動車バイク自転車販売・整備,"さいコイン,たまポン,出産・子育て,限定たまポン",3360025,さいたま市南区 文蔵二丁目１６番１３号,0488636571
マイネッツさいたま南,自動車バイク自転車販売・整備,"さいコイン,たまポン,出産・子育て,限定たまポン",3360027,さいたま市南区 沼影２丁目５番地２１号,0487109991
セオサイクル武蔵浦和店,自動車バイク自転車販売・整備,"さいコイン,たまポン,出産・子育て,限定たまポン",3360027,さいたま市南区 沼影1丁目27番5号,0488629595
サイクルベースあさひ武蔵浦和店,自動車バイク自転車販売・整備,"さいコイン,たまポン,出産・子育て,限定たまポン",3360032,さいたま市南区四谷１ー６ー３,0488443120
セルフ浦和大谷口,自動車バイク自転車販売・整備,"さいコイン,たまポン,出産・子育て,限定たまポン",3360042,さいたま市南区大谷口２５５１,0487676125
サイクルベースあさひさいたま円正寺店,自動車バイク自転車販売・整備,"さいコイン,たまポン,出産・子育て,限定たまポン",3360043,さいたま市南区円正寺１２５,0488135500
URAWAのワイン館,酒類販売,"さいコイン,たまポン,限定たまポン",3360021,さいたま市南区 別所3丁目4-1結晶ビル103,05017220377
稲荷屋商店,酒類販売,"さいコイン,たまポン,限定たまポン",3360024,さいたま市南区根岸5-24-5,0488623870
十一屋酒店,酒類販売,"さいコイン,たまポン,限定たまポン",3360024,さいたま市南区 根岸２丁目10番3号,0488616641
株式会社ホテルニュー埼玉,宿泊施設,"ふるさとたまポン,さいコイン,たまポン,出産・子育て,限定たまポン",3360017,さいたま市南区南浦和２ー４４ー１７,0488842111
ヘリテイジ浦和別所沼会館,宿泊施設,"ふるさとたまポン,さいコイン,たまポン,出産・子育て,限定たまポン",3360021,さいたま市南区 別所４ー１４ー１０,0488615219
埼玉県産品ショップ,食料品・日用品,"さいコイン,たまポン,出産・子育て,限定たまポン",3360016,さいたま市南区大谷場一丁目８番４２号浦和競馬組合内,0486474033
三州総本舗   南浦和店,食料品・日用品,"さいコイン,たまポン,出産・子育て,限定たまポン",3360017,さいたま市南区南浦和２ー３３ー１５シャイン南浦和1F,0488815388
彩果の宝石   南浦和店,食料品・日用品,"さいコイン,たまポン,出産・子育て,限定たまポン",3360017,さいたま市南区南浦和２ー３９ー１３伸和ビル1F,0488131570
清水商店,食料品・日用品,"さいコイン,たまポン,出産・子育て,限定たまポン",3360017,さいたま市南区 南浦和２丁目１７番地８号,0488829320
ｍａｒｕ   ｂｅｇｅｌ,食料品・日用品,"さいコイン,たまポン,出産・子育て,限定たまポン",3360017,さいたま市南区 南浦和３丁目４４番４号,05035521405
ブーランジェベーグ南浦和,食料品・日用品,"さいコイン,たまポン,出産・子育て,限定たまポン",3360018,さいたま市南区南本町1-7-4丸広百貨店南浦和店1階,0487993777
フレンズネット,食料品・日用品,"さいコイン,たまポン,出産・子育て,限定たまポン",3360021,さいたま市南区 別所３丁目１６番地９,0488441311
お魚マルシェ   うおっこ,食料品・日用品,"さいコイン,たまポン,出産・子育て,限定たまポン",3360021,さいたま市南区 別所3丁目19番16号櫻本ビル１階,0487673941
米粉入りベーグル専門店『WAベーグル』,食料品・日用品,"さいコイン,たまポン,出産・子育て,限定たまポン",3360023,さいたま市南区 神明1-10-15メゾン・ド・コリン１Ｆ,0488446313
櫻井青果＆アジア食品,食料品・日用品,"さいコイン,たまポン,出産・子育て,限定たまポン",3360026,さいたま市南区辻3-2-25-102,0487678777
丸山青果店,食料品・日用品,"さいコイン,たまポン,出産・子育て,限定たまポン",3360031,さいたま市南区鹿手袋6丁目５番２７号,0488381729
西友中浦和店,食料品・日用品,"さいコイン,出産・子育て",3360038,さいたま市南区 関1-1-11店舗,0488388351
悠鍼伮院・悠整骨院,整体・整骨院・鍼伮院・リラクゼーション,"さいコイン,たまポン,出産・子育て,限定たまポン",3360015,さいたま市南区 太田窪１８４８ー９,0488875566
おだゆうじカイロプラクティック施術院,整体・整骨院・鍼伮院・リラクゼーション,"さいコイン,たまポン,出産・子育て,限定たまポン",3360015,さいたま市南区 太田窪5-21-10,0487623103
サンテ整骨院,整体・整骨院・鍼伮院・リラクゼーション,"さいコイン,たまポン,出産・子育て,限定たまポン",3360017,さいたま市南区 南浦和２ー４１ー２イザワ薬局ビル1F-2,0487675258
Ｓａｐｈａｎ,整体・整骨院・鍼伮院・リラクゼーション,"さいコイン,たまポン,出産・子育て,限定たまポン",3360017,さいたま市南区 南浦和２ー３８ー４,0487111178
けんせい整骨院,整体・整骨院・鍼伮院・リラクゼーション,"さいコイン,たまポン,出産・子育て,限定たまポン",3360017,さいたま市南区南浦和２ー４１ー１９,0488810584
和み治療院,整体・整骨院・鍼伮院・リラクゼーション,"さいコイン,たまポン,出産・子育て,限定たまポン",3360017,さいたま市南区南浦和２ー４２ー１６パークサイドハウス1階,0487539233
コラソン整体,整体・整骨院・鍼伮院・リラクゼーション,"さいコイン,たまポン,出産・子育て,限定たまポン",3360017,さいたま市南区南浦和2-40-7-201,0488266757
ゆいゆい整骨院/距骨サロン南浦和店,整体・整骨院・鍼伮院・リラクゼーション,"さいコイン,たまポン,出産・子育て,限定たまポン",3360017,さいたま市南区 南浦和１－２９－１７１０３,0488297226
セラピーハウスタントン南浦和,整体・整骨院・鍼伮院・リラクゼーション,"さいコイン,たまポン,出産・子育て,限定たまポン",3360017,さいたま市南区 南浦和２丁目２７番８号第３宮田ビル１階,0488827267
あおば治療院,整体・整骨院・鍼伮院・リラクゼーション,"さいコイン,たまポン,出産・子育て,限定たまポン",3360017,さいたま市南区 南浦和2-32-8,0488815553
あいぜん鍼伮治療院,整体・整骨院・鍼伮院・リラクゼーション,"さいコイン,たまポン,出産・子育て,限定たまポン",3360018,さいたま市南区 南本町一丁目三番地四号,0487993164
ゆくりの森整体院,整体・整骨院・鍼伮院・リラクゼーション,"さいコイン,たまポン,出産・子育て,限定たまポン",3360021,さいたま市南区 別所6丁目13番9号アドバンシテイ１０１号室,0487676898
Blossomはりきゅう治療院スポーツ整体,整体・整骨院・鍼伮院・リラクゼーション,"さいコイン,たまポン,出産・子育て,限定たまポン",3360021,さいたま市南区 別所３丁目４番地１号結晶ビル２０４,0488297704
【美腸活×女性ホルモン活性化】FEMOON 武蔵浦和店,整体・整骨院・鍼伮院・リラクゼーション,"さいコイン,たまポン,出産・子育て,限定たまポン",3360022,さいたま市南区 白幡５丁目６番地４号ヴォンヴェール武蔵浦和３０１,09093608709
指圧マッサージの店ホッとひといき,整体・整骨院・鍼伮院・リラクゼーション,"さいコイン,たまポン,出産・子育て,限定たまポン",3360025,さいたま市南区 文蔵２丁目２４番２号ティアラフォーレ１階店舗,0488642966
ハロー薬局南浦和3号店,調剤薬局,"さいコイン,たまポン,出産・子育て,限定たまポン",3360017,さいたま市南区 南浦和２丁目４０番地１３号パークパレス103,0488138677
ハロー薬局   南浦和店,調剤薬局,"さいコイン,たまポン,出産・子育て,限定たまポン",3360017,さいたま市南区南浦和２ー４４ー９ー１階,0488811590
ひばり薬局   四谷店,調剤薬局,"さいコイン,たまポン,出産・子育て,限定たまポン",3360032,さいたま市南区四谷2-1-5,0487105283
ゆず薬局,調剤薬局,"さいコイン,たまポン,出産・子育て,限定たまポン",3360038,さいたま市南区関１丁目８番地３号,0488382233
あず小鳥の診療所,動物病院,"さいコイン,たまポン,限定たまポン",3360017,さいたま市南区 南浦和二丁目14番地の12,0488166996
ヘアサロン   バンビ,美容院・理容院,"さいコイン,たまポン,出産・子育て,限定たまポン",3360017,さいたま市南区 南浦和１丁目３３番地１７号,0488824443
フライングエッグおちあい,美容院・理容院,"さいコイン,たまポン,出産・子育て,限定たまポン",3360017,さいたま市南区南浦和３ー５ー７,0488820398
美容室   あんくす,美容院・理容院,"さいコイン,たまポン,出産・子育て,限定たまポン",3360017,さいたま市南区 南浦和２－３８－７富士見ビル   ２F,0488811611
OTO'S HAIR,美容院・理容院,"さいコイン,たまポン,出産・子育て,限定たまポン",3360017,さいたま市南区 南浦和2-28-11三進ビル1階,0488833751
Hair Resort Asia,美容院・理容院,"さいコイン,たまポン,出産・子育て,限定たまポン",3360017,さいたま市南区 南浦和2丁目27番地1号エバープラザ102,0488874121
ヘアレスキューつや髪中浦和店,美容院・理容院,"さいコイン,たまポン,出産・子育て,限定たまポン",3360021,さいたま市南区別所３ー３２ー１別所コーポ102,0487896679
ヘアレスキューつや髪本店,美容院・理容院,"さいコイン,たまポン,出産・子育て,限定たまポン",3360022,さいたま市南区白幡１ー４ー１1F,0487116227
Hair Resort Asia grande,美容院・理容院,"さいコイン,たまポン,出産・子育て,限定たまポン",3360022,さいたま市南区白幡３ー１０ー１１細淵ビル201,0488299185
髪質改善サロンVENUS,美容院・理容院,"さいコイン,たまポン,出産・子育て,限定たまポン",3360032,さいたま市南区四谷３ー１ー３1F,0487111413
資生堂ゾートスサロン   トワ・エ・モア,美容院・理容院,"さいコイン,たまポン,出産・子育て,限定たまポン",3360032,さいたま市南区 四谷2丁目6番地26,0488399466
マルエツ南浦和東口,百貨店・スーパー・ホームセンター,"さいコイン,出産・子育て",3360017,さいたま市南区南浦和2ー44ー1,0488876131
マルエツ武蔵浦和,百貨店・スーパー・ホームセンター,"さいコイン,出産・子育て",3360021,さいたま市南区別所7ー12ー1,0488668931
オーケー武蔵浦和店,百貨店・スーパー・ホームセンター,"さいコイン,出産・子育て",3360022,さいたま市南区 白幡1丁目15番25号,0487628278
コープ南浦和店,百貨店・スーパー・ホームセンター,"さいコイン,たまポン,出産・子育て,限定たまポン",3360024,さいたま市南区根岸2丁目11－12,0488641166
マルエツナリア武蔵浦和,百貨店・スーパー・ホームセンター,"さいコイン,出産・子育て",3360027,さいたま市南区沼影1ー12ー1,0488397651
コープ武蔵浦和店,百貨店・スーパー・ホームセンター,"さいコイン,たまポン,出産・子育て,限定たまポン",3360033,さいたま市南区 曲本４丁目４番７号,0488361781
ベルクス浦和南店,百貨店・スーパー・ホームセンター,"さいコイン,出産・子育て",3360034,さいたま市南区内谷7ー13ー8,0488388719
島忠ホームズ浦和南店,百貨店・スーパー・ホームセンター,"さいコイン,たまポン,出産・子育て,限定たまポン",3360034,さいたま市南区内谷7-12-5,05017124344
南浦和つながりクリニック,病院・診療所,"さいコイン,たまポン,出産・子育て,限定たまポン",3360017,さいたま市南区 南浦和2丁目27番12号アビアント3F,0488834591
西川仏具店,仏具販売,"さいコイン,たまポン,出産・子育て,限定たまポン",3360026,さいたま市南区辻４－２０－１４,0488646469
須原屋武蔵浦和店,文具・書籍販売,"さいコイン,たまポン,出産・子育て,限定たまポン",3360021,さいたま市南区別所7-6-8-209ライブタワー２Ｆ,0488720550
須原屋ビーンズ武蔵浦和店,文具・書籍販売,"さいコイン,たまポン,出産・子育て,限定たまポン",3360021,さいたま市南区別所7-12-1（改札内）,0487118113
キグナス東浦和サービスステーション,ガソリンスタンド,"さいコイン,たまポン,出産・子育て,限定たまポン",3360926,さいたま市緑区 東浦和7丁目5番地４,0488743802
山田うどん食堂北宿店,カフェ・飲食店,"さいコイン,たまポン,出産・子育て,限定たまポン",3360911,さいたま市 緑区 三室２１６８ー１,0488746256
ステーキのどん浦和三室店,カフェ・飲食店,"さいコイン,たまポン,出産・子育て,限定たまポン",3360911,さいたま市緑区 三室１２０２－２,0487125610
安楽亭浦和三室店,カフェ・飲食店,"さいコイン,たまポン,出産・子育て,限定たまポン",3360911,さいたま市緑区三室321-1,0488759929
中国料理桃花園,カフェ・飲食店,"ふるさとたまポン,さいコイン,たまポン,出産・子育て,限定たまポン",3360918,さいたま市緑区 松木2丁目9番1号,0488751651
山田うどん食堂大間木店,カフェ・飲食店,"さいコイン,たまポン,出産・子育て,限定たまポン",3360923,さいたま市 緑区 大間木８２４ー１５,0488740810
TOUJOURS,カフェ・飲食店,"さいコイン,たまポン,出産・子育て,限定たまポン",3360923,さいたま市緑区大間木７３７ー３,07083990656
パボーロ   パブーロ,カフェ・飲食店,"ふるさとたまポン,さいコイン,たまポン,出産・子育て,限定たまポン",3360926,さいたま市緑区 東浦和２丁目４６番地１２号,0488755689
吉野家   東浦和店,カフェ・飲食店,"さいコイン,たまポン,出産・子育て,限定たまポン",3360926,さいたま市緑区東浦和８ー１ー１３,0488104631
C's coffee,カフェ・飲食店,"さいコイン,たまポン,出産・子育て,限定たまポン",3360926,さいたま市緑区東浦和１ー２２ー１exビル1F,0487118701
楓の音,カフェ・飲食店,"ふるさとたまポン,さいコイン,たまポン,出産・子育て,限定たまポン",3360926,さいたま市緑区東浦和4-12-7,0488741838
キッチンオリジン東浦和店,カフェ・飲食店,"さいコイン,たまポン,出産・子育て,限定たまポン",3360926,さいたま市緑区東浦和４－８－７,0487124100
カルニチン堂,カフェ・飲食店,"ふるさとたまポン,さいコイン,たまポン,出産・子育て,限定たまポン",3360926,さいたま市緑区 東浦和4-8-8,0486730007
来居夢,カフェ・飲食店,"ふるさとたまポン,さいコイン,たまポン,出産・子育て,限定たまポン",3360926,さいたま市緑区 東浦和1ー1ー1,0488760909
カレーハウスCoCo壱番屋   ＪＲ東浦和駅前店,カフェ・飲食店,"さいコイン,たまポン,出産・子育て,限定たまポン",3360926,さいたま市緑区 東浦和5丁目1番地11号,0488737000
焼肉八山,カフェ・飲食店,"ふるさとたまポン,さいコイン,たまポン,出産・子育て,限定たまポン",3360926,さいたま市緑区 東浦和4丁目27番地2,0488745801
からあげ専門店 鶏笑 浦和本店,カフェ・飲食店,"さいコイン,たまポン,出産・子育て,限定たまポン",3360931,さいたま市緑区 原山2-5-26,0488823333
台湾から揚げとパイクー専門店   桃園,カフェ・飲食店,"ふるさとたまポン,さいコイン,たまポン,出産・子育て,限定たまポン",3360931,さいたま市緑区 原山３丁目９番１７号,0488821127
北海道生まれ   和食処とんでん原山店,カフェ・飲食店,"さいコイン,たまポン,出産・子育て,限定たまポン",3360932,さいたま市緑区中尾249-1,0488744093
スシロー浦和中尾店,カフェ・飲食店,"さいコイン,出産・子育て",3360932,さいたま市緑区中尾3720クイズゲート浦和1F,0487123351
カレーハウスCoCo壱番屋浦和中尾店,カフェ・飲食店,"さいコイン,たまポン,出産・子育て,限定たまポン",3360932,さいたま市緑区 中尾795-1,0488105688
リンガーハット浦和中尾店,カフェ・飲食店,"さいコイン,たまポン,出産・子育て,限定たまポン",3360932,さいたま市緑区 中尾971-3,0488101296
CAFE Gii,カフェ・飲食店,"ふるさとたまポン,さいコイン,たまポン,出産・子育て,限定たまポン",3360932,さいたま市緑区 中尾365-11F,0487161184
山田うどん食堂大門店,カフェ・飲食店,"さいコイン,たまポン,出産・子育て,限定たまポン",3360964,さいたま市 緑区 東大門２ー２ー１,0488782231
トラットリアエストポルトーネ,カフェ・飲食店,"ふるさとたまポン,さいコイン,たまポン,出産・子育て,限定たまポン",3360964,さいたま市緑区東大門２ー２２ー２,0486281499
焼肉きんぐ 浦和美園店,カフェ・飲食店,"さいコイン,たまポン,出産・子育て,限定たまポン",3360967,さいたま市緑区美園６ー６ー１３,0488121177
徳樹庵   浦和美園店,カフェ・飲食店,"さいコイン,たまポン,出産・子育て,限定たまポン",3360967,さいたま市緑区美園6-11-11,0488126711
かつ敏浦和美園店,カフェ・飲食店,"さいコイン,たまポン,出産・子育て,限定たまポン",3360967,さいたま市緑区美園5丁目46番地9,0487967897
スシロー浦和美園店,カフェ・飲食店,"さいコイン,出産・子育て",3360967,さいたま市緑区 美園6ー8ー2,0488121133
いしがまやハンバーグ   イオンモール浦和美園,カフェ・飲食店,"さいコイン,出産・子育て",3368760,さいたま市緑区美園５ー５０ー１イオンモール浦和美園,0488126550
VEGEGOオヌレシクタン&CAFÉ   イオンモール浦和美園,カフェ・飲食店,"さいコイン,出産・子育て",3368760,さいたま市緑区美園５ー５０ー１イオンモール浦和美園,0487115123
天丼大島屋イオンモール浦和美園店,カフェ・飲食店,"さいコイン,出産・子育て",3368760,さいたま市緑区 美園5丁目50番地1イオンモール浦和美園   １F,0487675561
おひつごはん四六時中   イオンモール浦和美園,カフェ・飲食店,"さいコイン,出産・子育て",3368760,さいたま市緑区美園5-50-1イオンモール浦和美園,08071783363
クリーニング彩,クリーニング業,"さいコイン,たまポン,出産・子育て,限定たまポン",3360911,さいたま市緑区 三室2199番地1号,0488761448
スカット東浦和駅前店,クリーニング業,"さいコイン,たまポン,出産・子育て,限定たまポン",3360926,さいたま市緑区東浦和1ー15ー8,0488752622
セブンイレブンさいたま大門北店,コンビニエンスストア,"さいコイン,たまポン,出産・子育て,限定たまポン",3360963,さいたま市緑区 大門東裏２７０７番,0488786711
ゴルフドゥ！NEXTさいたま三室店,スポーツ用品販売,"さいコイン,たまポン,出産・子育て,限定たまポン",3360911,さいたま市緑区三室１２１５ー１,0487118950
民間救急   仁   ＥＭＴ,その他,"さいコイン,たまポン,出産・子育て",3360911,さいたま市緑区 三室701ー2,07090943162
民間救急   仁   ＥＭＴ,その他,"さいコイン,たまポン,出産・子育て,限定たまポン",3360911,さいたま市緑区 三室701ー2,07090943162
ドラッグストアセキ   三室店,その他,"さいコイン,たまポン,出産・子育て,限定たまポン",3360911,さいたま市緑区 三室2449番地15,0487993610
ダスキン浦和東,その他,"さいコイン,たまポン,出産・子育て,限定たまポン",3360912,さいたま市緑区 馬場２ー３ー１２,0488744681
アトリエ花の衣,その他,"さいコイン,たまポン,出産・子育て,限定たまポン",3360923,さいたま市緑区 大字大間木449番地1,09061884408
コナカ東浦和店,その他,"さいコイン,たまポン,出産・子育て,限定たまポン",3360923,さいたま市緑区 大間木589,0488753232
西松屋チェーン   東浦和店,その他,"さいコイン,たまポン,出産・子育て,限定たまポン",3360923,さいたま市緑区大間木2丁目1番地9,08035959166
ホームクリエイト,その他,"さいコイン,たまポン,出産・子育て,限定たまポン",3360926,さいたま市緑区東浦和７丁目２番地１３,0488746004
パティスリーCABO,その他,"さいコイン,たまポン,出産・子育て,限定たまポン",3360926,さいたま市緑区 東浦和１ー６ー１７,0488757880
セオサイクル東浦和店,その他,"さいコイン,たまポン,出産・子育て,限定たまポン",3360926,さいたま市緑区 東浦和１ー１５ー８タキザワハイツ101,0488749553
T・O・Pパン教室,その他,"さいコイン,たまポン,出産・子育て,限定たまポン",3360926,さいたま市緑区東浦和４ー５ー１パークハイム101,0486754657
パティスリータケモト,その他,"さいコイン,たまポン,出産・子育て,限定たまポン",3360926,さいたま市緑区 東浦和2-72-1イーストヴィレッジ   １F,0487648682
西川チェーン加納屋,その他,"さいコイン,たまポン,出産・子育て,限定たまポン",3360931,さいたま市緑区 原山２丁目２番１１号,0488812706
Dog salon famille,その他,"さいコイン,たまポン,限定たまポン",3360932,さいたま市緑区中尾９８ー７,0487111202
西松屋チェーン   クイズゲート浦和店,その他,"さいコイン,出産・子育て",3360932,さいたま市緑区中尾不動谷3720,08071153093
アーバンデザインセンターみその,その他,"さいコイン,たまポン,出産・子育て,限定たまポン",3360962,さいたま市緑区 下野田494-1オークリーフ1F,0488120301
Y.K PIANO FACTORY,その他,"さいコイン,たまポン,出産・子育て,限定たまポン",3360963,さいたま市緑区 大門1679,0487050440
OYATSUBOSHI,その他,"さいコイン,たまポン,出産・子育て,限定たまポン",3360964,さいたま市緑区 東大門２丁目１５番地１号,09034589968
フォトスタジオラピナス美園店,その他,"さいコイン,たまポン,出産・子育て,限定たまポン",3360967,さいたま市緑区美園４ー７ー３リーゼブロンシュ1階,0487113750
